Date,Market Cap,% Change
2026-04-17,3027900000,1.80%
2026-04-16,2974500000,-2.49%
2026-04-15,3050400000,-1.28%
2026-04-14,3090000000,0.56%
2026-04-13,3072800000,1.02%
2026-04-10,3041700000,0.69%
2026-04-09,3021000000,-0.45%
2026-04-08,3034800000,0.74%
2026-04-07,3012400000,-1.69%
2026-04-06,3064200000,3.20%
2026-04-02,2969300000,1.35%
2026-04-01,2929700000,1.01%
2026-03-31,2900300000,2.37%
2026-03-30,2833100000,0.49%
2026-03-27,2819300000,-0.79%
2026-03-26,2841700000,-0.96%
2026-03-25,2869300000,0.42%
2026-03-24,2857200000,-0.18%
2026-03-23,2862400000,2.40%
2026-03-20,2795200000,-1.70%
2026-03-19,2843400000,0.06%
2026-03-18,2841700000,0.24%
2026-03-17,2834800000,-0.18%
2026-03-16,2840000000,2.68%
2026-03-13,2765800000,0.37%
2026-03-12,2755500000,-4.65%
2026-03-11,2890000000,-3.18%
2026-03-10,2984800000,-0.17%
2026-03-09,2990000000,0.23%
2026-03-06,2983100000,-1.98%
2026-03-05,3043500000,-0.73%
2026-03-04,3065900000,0.74%
2026-03-03,3043500000,-0.39%
2026-03-02,3055500000,-1.61%
2026-02-27,3105500000,2.21%
2026-02-26,3038300000,1.50%
2026-02-25,2993500000,-2.09%
2026-02-24,3057300000,1.90%
2026-02-23,3000400000,-0.68%
2026-02-20,3021000000,-1.02%
2026-02-19,3052100000,-1.83%
2026-02-18,3109000000,2.10%
2026-02-17,3045200000,1.26%
2026-02-13,3007200000,1.51%
2026-02-12,2962400000,-2.00%
2026-02-11,3022800000,-1.41%
2026-02-10,3065900000,1.43%
2026-02-09,3022800000,1.10%
2026-02-06,2990000000,2.06%
2026-02-05,2929700000,-3.46%
2026-02-04,3034800000,1.15%
2026-02-03,3000400000,-1.25%
2026-02-02,3038300000,-0.45%
2026-01-30,3052100000,-0.39%
2026-01-29,3064200000,-0.28%
2026-01-28,3072800000,0.91%
2026-01-27,3045200000,0.12%
2026-01-26,3041700000,2.74%
2026-01-23,2960700000,3.43%
2026-01-22,2862400000,
2026-01-21,2862400000,-1.89%
2026-01-20,2917600000,0.60%
2026-01-16,2900300000,-0.47%
2026-01-15,2914100000,1.87%
2026-01-14,2860700000,-0.30%
2026-01-13,2869300000,1.16%
2026-01-12,2836500000,-1.20%
2026-01-09,2871000000,1.59%
2026-01-08,2826200000,0.31%
2026-01-07,2817600000,2.32%
2026-01-06,2753800000,-0.18%
2026-01-05,2758900000,1.39%
2026-01-02,2721000000,-0.88%
2025-12-31,2745100000,-0.93%
2025-12-30,2771000000,0.81%
2025-12-29,2748600000,0.50%
2025-12-26,2734800000,-1.00%
2025-12-24,2762400000,0.50%
2025-12-23,2748600000,0.50%
2025-12-22,2734800000,
2025-12-19,2734800000,1.80%
2025-12-18,2686500000,1.96%
2025-12-17,2634800000,0.33%
2025-12-16,2626200000,0.20%
2025-12-15,2621000000,-1.30%
2025-12-12,2655500000,-2.41%
2025-12-11,2721000000,2.54%
2025-12-10,2653700000,-0.13%
2025-12-09,2657100000,-0.97%
2025-12-08,2683000000,-0.70%
2025-12-05,2702000000,-0.19%
2025-12-04,2707100000,-1.32%
2025-12-03,2743300000,2.45%
2025-12-02,2677800000,-1.65%
2025-12-01,2722700000,-0.69%
2025-11-28,2741600000,1.79%
2025-11-26,2693300000,0.84%
2025-11-25,2670900000,1.44%
2025-11-24,2633000000,-1.10%
2025-11-21,2662300000,0.72%
2025-11-20,2643300000,-1.03%
2025-11-19,2670900000,0.13%
2025-11-18,2667500000,0.98%
2025-11-17,2641600000,-2.24%
2025-11-14,2702000000,0.71%
2025-11-13,2683000000,-1.58%
2025-11-12,2726100000,-0.38%
2025-11-11,2736400000,-0.25%
2025-11-10,2743300000,1.53%
2025-11-07,2702000000,0.32%
2025-11-06,2693300000,-0.38%
2025-11-05,2703700000,-0.25%
2025-11-04,2710600000,-1.93%
2025-11-03,2764000000,-3.61%
2025-10-31,2867500000,-3.87%
2025-10-30,2983000000,
2025-10-29,2983000000,-3.24%
2025-10-28,3083000000,-1.97%
2025-10-27,3145100000,0.22%
2025-10-24,3138200000,-1.46%
2025-10-23,3184800000,0.44%
2025-10-22,3171000000,-0.92%
2025-10-21,3200300000,-0.91%
2025-10-20,3229600000,4.52%
2025-10-17,3089900000,-0.11%
2025-10-16,3093400000,-1.64%
2025-10-15,3145100000,7.86%
2025-10-14,2915800000,-1.28%
2025-10-13,2953700000,7.33%
2025-10-10,2752000000,1.53%
2025-10-09,2710600000,2.28%
2025-10-08,2650200000,1.05%
2025-10-07,2622600000,-1.49%
2025-10-06,2662300000,0.72%
2025-10-03,2643300000,-0.52%
2025-10-02,2657100000,1.05%
2025-10-01,2629500000,0.72%
2025-09-30,2610600000,-2.51%
2025-09-29,2677800000,0.78%
2025-09-26,2657100000,1.71%
2025-09-25,2612300000,-0.46%
2025-09-24,2624400000,0.80%
2025-09-23,2603700000,-0.46%
2025-09-22,2615700000,-0.33%
2025-09-19,2624400000,-0.65%
2025-09-18,2641600000,-0.35%
2025-09-17,2650800000,-6.28%
2025-09-16,2828300000,1.92%
2025-09-15,2774900000,-1.89%
2025-09-12,2828300000,1.42%
2025-09-11,2788700000,-1.64%
2025-09-10,2835200000,2.94%
2025-09-09,2754200000,1.91%
2025-09-08,2702500000,-1.32%
2025-09-05,2738700000,-1.12%
2025-09-04,2769700000,0.31%
2025-09-03,2761100000,-1.78%
2025-09-02,2811100000,-8.63%
2025-08-29,3076500000,2.35%
2025-08-28,3005800000,2.05%
2025-08-27,2945500000,-0.70%
2025-08-26,2966200000,-0.18%
2025-08-25,2971400000,-1.54%
2025-08-22,3017900000,1.86%
2025-08-21,2962700000,-1.15%
2025-08-20,2997200000,-1.02%
2025-08-19,3028200000,-0.06%
2025-08-18,3030000000,-1.24%
2025-08-15,3067900000,2.18%
2025-08-14,3002400000,-0.34%
2025-08-13,3012700000,-0.57%
2025-08-12,3030000000,-0.68%
2025-08-11,3050600000,1.14%
2025-08-08,3016200000,-2.78%
2025-08-07,3102400000,0.11%
2025-08-06,3098900000,-0.17%
2025-08-05,3104100000,1.46%
2025-08-04,3059300000,1.03%
2025-08-01,3028200000,-0.12%
2025-07-31,3031700000,
2025-07-30,3031700000,1.97%
2025-07-29,2973100000,-1.03%
2025-07-28,3004100000,-0.12%
2025-07-25,3007600000,-2.84%
2025-07-24,3095500000,-1.16%
2025-07-23,3131700000,0.89%
2025-07-22,3104100000,1.98%
2025-07-21,3043800000,-0.06%
2025-07-18,3045500000,-0.51%
2025-07-17,3061000000,0.62%
2025-07-16,3042000000,0.11%
2025-07-15,3038600000,-1.45%
2025-07-14,3083400000,1.76%
2025-07-11,3030000000,-0.73%
2025-07-10,3052400000,0.23%
2025-07-09,3045500000,3.82%
2025-07-08,2933400000,-1.74%
2025-07-07,2985200000,-1.03%
2025-07-03,3016200000,0.29%
2025-07-02,3007600000,2.71%
2025-07-01,2928300000,-4.60%
2025-06-30,3069600000,-1.98%
2025-06-27,3131700000,-0.27%
2025-06-26,3140300000,-1.03%
2025-06-25,3173000000,-4.32%
2025-06-24,3316100000,1.32%
2025-06-23,3273000000,9.33%
2025-06-20,2993800000,0.46%
2025-06-18,2980000000,-0.23%
2025-06-17,2986900000,-1.42%
2025-06-16,3030000000,1.91%
2025-06-13,2973100000,-0.11%
2025-06-12,2976500000,2.25%
2025-06-11,2911000000,-0.71%
2025-06-10,2931700000,
2025-06-09,2931700000,3.66%
2025-06-06,2828300000,20.65%
2025-06-05,2344200000,-1.08%
2025-06-04,2369700000,-1.62%
2025-06-03,2408700000,0.64%
2025-06-02,2393400000,-0.49%
2025-05-30,2405300000,2.01%
2025-05-29,2357800000,-0.29%
2025-05-28,2364600000,-1.13%
2025-05-27,2391700000,4.68%
2025-05-23,2284800000,1.28%
2025-05-22,2255900000,-8.60%
2025-05-21,2468100000,1.46%
2025-05-20,2432500000,0.49%
2025-05-19,2420600000,2.81%
2025-05-16,2354400000,-0.07%
2025-05-15,2356100000,-3.74%
2025-05-14,2447700000,
2025-05-13,2447700000,-1.30%
2025-05-12,2480000000,2.17%
2025-05-09,2427400000,-0.21%
2025-05-08,2432500000,-0.62%
2025-05-07,2447700000,2.12%
2025-05-06,2396800000,0.07%
2025-05-05,2395100000,0.28%
2025-05-02,2388300000,2.18%
2025-05-01,2337400000,0.22%
2025-04-30,2332300000,-0.87%
2025-04-29,2352700000,
2025-04-28,2352700000,-0.07%
2025-04-25,2354400000,-0.57%
2025-04-24,2368000000,-0.71%
2025-04-23,2384900000,-0.57%
2025-04-22,2398500000,2.69%
2025-04-21,2335700000,-1.01%
2025-04-17,2359500000,0.73%
2025-04-16,2342500000,-1.78%
2025-04-15,2384900000,1.30%
2025-04-14,2354400000,1.39%
2025-04-11,2322100000,1.48%
2025-04-10,2288200000,0.75%
2025-04-09,2271200000,9.58%
2025-04-08,2072600000,-2.24%
2025-04-07,2120100000,-1.73%
2025-04-04,2157500000,-2.30%
2025-04-03,2208400000,-1.22%
2025-04-02,2235600000,0.54%
2025-04-01,2223700000,0.08%
2025-03-31,2222000000,-2.53%
2025-03-28,2279700000,-2.04%
2025-03-27,2327200000,1.03%
2025-03-26,2303500000,-0.95%
2025-03-25,2325500000,-0.80%
2025-03-24,2344200000,0.36%
2025-03-21,2335700000,-0.72%
2025-03-20,2352700000,0.14%
2025-03-19,2349300000,2.75%
2025-03-18,2286500000,-1.10%
2025-03-17,2311900000,-0.73%
2025-03-14,2328900000,3.39%
2025-03-13,2252500000,-1.71%
2025-03-12,2291600000,-2.10%
2025-03-11,2340800000,1.77%
2025-03-10,2300100000,-2.66%
2025-03-07,2362900000,-0.50%
2025-03-06,2374700000,0.28%
2025-03-05,2368000000,-0.28%
2025-03-04,2374700000,-2.24%
2025-03-03,2429100000,-2.39%
2025-02-28,2488500000,-0.54%
2025-02-27,2502100000,1.31%
2025-02-26,2469800000,-1.42%
2025-02-25,2505500000,0.14%
2025-02-24,2502100000,1.94%
2025-02-21,2454500000,-1.03%
2025-02-20,2480000000,-2.14%
2025-02-19,2534300000,-3.56%
2025-02-18,2627800000,-1.02%
2025-02-14,2654900000,-0.51%
2025-02-13,2668500000,-0.69%
2025-02-12,2687100000,-2.88%
2025-02-11,2766700000,-0.12%
2025-02-10,2770000000,1.74%
2025-02-07,2722600000,0.18%
2025-02-06,2717600000,-0.49%
2025-02-05,2731100000,0.81%
2025-02-04,2709100000,1.33%
2025-02-03,2673500000,-0.51%
2025-01-31,2687100000,-1.79%
2025-01-30,2736200000,1.70%
2025-01-29,2690500000,0.57%
2025-01-28,2675200000,-1.80%
2025-01-27,2724300000,-0.80%
2025-01-24,2746300000,0.12%
2025-01-23,2743000000,0.93%
2025-01-22,2717600000,-2.07%
2025-01-21,2775100000,2.37%
2025-01-17,2710800000,-1.41%
2025-01-16,2749700000,-0.79%
2025-01-15,2771700000,1.42%
2025-01-14,2732800000,-0.86%
2025-01-13,2756500000,0.62%
2025-01-10,2739600000,-2.53%
2025-01-08,2810700000,-2.35%
2025-01-07,2878400000,1.37%
2025-01-06,2839500000,-0.71%
2025-01-03,2859800000,-0.53%
2025-01-02,2875000000,-2.13%
2024-12-31,2937700000,0.29%
2024-12-30,2929200000,1.70%
2024-12-27,2880100000,-0.70%
2024-12-26,2900400000,-0.23%
2024-12-24,2907200000,0.64%
2024-12-23,2888600000,-0.52%
2024-12-20,2903800000,0.41%
2024-12-19,2892000000,-3.17%
2024-12-18,2986800000,-3.18%
2024-12-17,3085000000,3.06%
2024-12-16,2993500000,2.02%
2024-12-13,2934300000,0.58%
2024-12-12,2917300000,-1.15%
2024-12-11,2951200000,1.22%
2024-12-10,2915700000,0.41%
2024-12-09,2903800000,-1.44%
2024-12-06,2946100000,3.82%
2024-12-05,2837800000,-1.06%
2024-12-04,2868200000,0.29%
2024-12-03,2859800000,-2.31%
2024-12-02,2927500000,1.83%
2024-11-29,2875000000,-0.29%
2024-11-27,2883500000,0.53%
2024-11-26,2868200000,-1.57%
2024-11-25,2914000000,-1.66%
2024-11-22,2963100000,0.23%
2024-11-21,2956300000,4.24%
2024-11-20,2836100000,-1.64%
2024-11-19,2883500000,0.12%
2024-11-18,2880100000,0.30%
2024-11-15,2871600000,-2.31%
2024-11-14,2939400000,-0.11%
2024-11-13,2942700000,-3.18%
2024-11-12,3039300000,-0.94%
2024-11-11,3068000000,1.23%
2024-11-08,3030800000,-0.17%
2024-11-07,3035900000,4.00%
2024-11-06,2919000000,1.17%
2024-11-05,2885200000,2.34%
2024-11-04,2819100000,-0.24%
2024-11-01,2825900000,2.71%
2024-10-31,2751400000,1.82%
2024-10-30,2702300000,0.19%
2024-10-29,2697200000,0.19%
2024-10-28,2692200000,-0.37%
2024-10-25,2702300000,1.01%
2024-10-24,2675200000,1.09%
2024-10-23,2646400000,-3.46%
2024-10-22,2741300000,-1.04%
2024-10-21,2770000000,-0.73%
2024-10-18,2790400000,0.12%
2024-10-17,2787000000,-0.36%
2024-10-16,2797100000,
2024-10-15,2797100000,1.35%
2024-10-14,2759900000,0.25%
2024-10-11,2753100000,0.99%
2024-10-10,2726000000,-0.12%
2024-10-09,2729400000,-0.25%
2024-10-08,2736200000,0.75%
2024-10-07,2715900000,-2.67%
2024-10-04,2790400000,1.04%
2024-10-03,2761600000,0.19%
2024-10-02,2756500000,1.81%
2024-10-01,2707400000,-1.18%
2024-09-30,2739600000,-1.82%
2024-09-27,2790400000,-0.06%
2024-09-26,2792000000,1.79%
2024-09-25,2742900000,1.25%
2024-09-24,2709100000,-0.31%
2024-09-23,2717600000,0.50%
2024-09-20,2704000000,-1.97%
2024-09-19,2758200000,0.87%
2024-09-18,2734500000,-1.52%
2024-09-17,2776800000,-0.60%
2024-09-16,2793700000,1.54%
2024-09-13,2751400000,3.04%
2024-09-12,2670300000,0.83%
2024-09-11,2648300000,-2.62%
2024-09-10,2719500000,0.18%
2024-09-09,2714500000,-0.55%
2024-09-06,2729400000,-3.63%
2024-09-05,2832300000,-0.35%
2024-09-04,2842200000,0.47%
2024-09-03,2828900000,-0.99%
2024-08-30,2857100000,-1.32%
2024-08-29,2895300000,
2024-08-28,2895300000,-0.96%
2024-08-27,2923500000,3.04%
2024-08-26,2837200000,-1.33%
2024-08-23,2875400000,-1.65%
2024-08-22,2923500000,-0.34%
2024-08-21,2933400000,0.23%
2024-08-20,2926800000,-0.51%
2024-08-19,2941700000,2.54%
2024-08-16,2868700000,0.12%
2024-08-15,2865400000,2.13%
2024-08-14,2805700000,2.73%
2024-08-13,2731100000,-1.79%
2024-08-12,2780900000,-0.24%
2024-08-09,2787500000,-1.06%
2024-08-08,2817300000,0.17%
2024-08-07,2812400000,1.31%
2024-08-06,2775900000,2.14%
2024-08-05,2717800000,-1.15%
2024-08-02,2749300000,-1.25%
2024-08-01,2784200000,-2.15%
2024-07-31,2845500000,1.66%
2024-07-30,2799100000,-1.05%
2024-07-29,2828900000,0.17%
2024-07-26,2824000000,-0.35%
2024-07-25,2833900000,-0.64%
2024-07-24,2852200000,2.14%
2024-07-23,2792500000,-1.06%
2024-07-22,2822300000,1.98%
2024-07-19,2767600000,0.06%
2024-07-18,2765900000,-0.42%
2024-07-17,2777500000,-2.45%
2024-07-16,2847200000,3.43%
2024-07-15,2752700000,-1.48%
2024-07-12,2794100000,-0.06%
2024-07-11,2795800000,0.18%
2024-07-10,2790800000,6.94%
2024-07-09,2609700000,0.69%
2024-07-08,2591700000,-2.47%
2024-07-05,2657200000,0.68%
2024-07-03,2639200000,-0.80%
2024-07-02,2660500000,-0.43%
2024-07-01,2672000000,1.12%
2024-06-28,2642500000,1.89%
2024-06-27,2593400000,-2.04%
2024-06-26,2647400000,0.31%
2024-06-25,2639200000,-0.80%
2024-06-24,2660500000,0.56%
2024-06-21,2645800000,0.31%
2024-06-20,2637600000,-0.31%
2024-06-18,2645800000,-1.16%
2024-06-17,2676900000,0.12%
2024-06-14,2673600000,-1.33%
2024-06-13,2709600000,-3.61%
2024-06-12,2811100000,0.82%
2024-06-11,2788200000,2.41%
2024-06-10,2722700000,0.18%
2024-06-07,2717800000,2.15%
2024-06-06,2660500000,-5.52%
2024-06-05,2816000000,
2024-06-04,2816000000,-0.41%
2024-06-03,2827500000,2.31%
2024-05-31,2763600000,1.20%
2024-05-30,2730900000,0.06%
2024-05-29,2729300000,2.59%
2024-05-28,2660500000,-3.27%
2024-05-24,2750500000,1.51%
2024-05-23,2709600000,-0.66%
2024-05-22,2727600000,-1.54%
2024-05-21,2770200000,0.18%
2024-05-20,2765300000,0.30%
2024-05-17,2757100000,0.48%
2024-05-16,2744000000,-0.53%
2024-05-15,2758700000,4.46%
2024-05-14,2640900000,0.62%
2024-05-13,2624500000,1.65%
2024-05-10,2581900000,0.13%
2024-05-09,2578600000,1.74%
2024-05-08,2534400000,-2.46%
2024-05-07,2598300000,2.12%
2024-05-06,2544300000,0.32%
2024-05-03,2536100000,-2.02%
2024-05-02,2588500000,-1.31%
2024-05-01,2622800000,-1.11%
2024-04-30,2652300000,-1.46%
2024-04-29,2691600000,2.30%
2024-04-26,2631000000,0.06%
2024-04-25,2629400000,1.71%
2024-04-24,2585200000,1.54%
2024-04-23,2545900000,0.84%
2024-04-22,2524600000,2.12%
2024-04-19,2472200000,1.48%
2024-04-18,2436200000,0.61%
2024-04-17,2421500000,1.86%
2024-04-16,2377300000,0.42%
2024-04-15,2367400000,-1.70%
2024-04-12,2408400000,0.34%
2024-04-11,2400200000,-1.48%
2024-04-10,2436200000,-0.14%
2024-04-09,2439500000,0.74%
2024-04-08,2421500000,-0.40%
2024-04-05,2431300000,1.92%
2024-04-04,2385400000,4.22%
2024-04-03,2288800000,-0.64%
2024-04-02,2303600000,1.44%
2024-04-01,2270800000,-0.65%
2024-03-28,2285600000,-1.13%
2024-03-27,2311800000,2.10%
2024-03-26,2264300000,-1.29%
2024-03-25,2293800000,1.45%
2024-03-22,2261000000,0.58%
2024-03-21,2247900000,-0.43%
2024-03-20,2257700000,-1.43%
2024-03-19,2290500000,-0.85%
2024-03-18,2310100000,-1.67%
2024-03-15,2349400000,0.91%
2024-03-14,2328100000,-3.07%
2024-03-13,2401800000,2.16%
2024-03-12,2351100000,1.48%
2024-03-11,2316900000,-1.18%
2024-03-08,2344600000,-0.42%
2024-03-07,2354400000,0.42%
2024-03-06,2344600000,
2024-03-05,2344600000,0.07%
2024-03-04,2343000000,-3.17%
2024-03-01,2419600000,-2.44%
2024-02-29,2480000000,-0.85%
2024-02-28,2501200000,-0.65%
2024-02-27,2517500000,0.65%
2024-02-26,2501200000,-1.16%
2024-02-23,2530600000,0.65%
2024-02-22,2514300000,-3.63%
2024-02-21,2608900000,-8.63%
2024-02-20,2855300000,-0.40%
2024-02-16,2866700000,-5.64%
2024-02-15,3038000000,-13.40%
2024-02-14,3507900000,0.89%
2024-02-13,3476900000,8.72%
2024-02-12,3197900000,-7.24%
2024-02-09,3447500000,-2.63%
2024-02-08,3540600000,1.59%
2024-02-07,3485100000,3.49%
2024-02-06,3367600000,3.46%
2024-02-05,3255000000,0.61%
2024-02-02,3235400000,0.51%
2024-02-01,3219100000,1.91%
2024-01-31,3158800000,-0.67%
2024-01-30,3180000000,-0.15%
2024-01-29,3184900000,0.10%
2024-01-26,3181600000,0.10%
2024-01-25,3178300000,-0.41%
2024-01-24,3191400000,0.67%
2024-01-23,3170200000,-1.17%
2024-01-22,3207700000,-4.42%
2024-01-19,3356200000,1.83%
2024-01-18,3295800000,1.15%
2024-01-17,3258300000,-6.71%
2024-01-16,3492600000,-0.09%
2024-01-12,3495900000,0.47%
2024-01-11,3479400000,1.00%
2024-01-10,3444800000,0.43%
2024-01-09,3430000000,2.56%
2024-01-08,3344300000,1.05%
2024-01-05,3309700000,
2024-01-04,3309700000,0.75%
2024-01-03,3285000000,-0.94%
2024-01-02,3316300000,-1.23%
2023-12-29,3357500000,-0.24%
2023-12-28,3365700000,-0.68%
2023-12-27,3388800000,0.24%
2023-12-26,3380600000,3.43%
2023-12-22,3268500000,1.02%
2023-12-21,3235600000,1.13%
2023-12-20,3199300000,-1.62%
2023-12-19,3252100000,1.23%
2023-12-18,3212500000,-0.51%
2023-12-15,3229000000,1.34%
2023-12-14,3186200000,
2023-12-13,3186200000,-0.05%
2023-12-12,3187800000,0.26%
2023-12-11,3179600000,-1.08%
2023-12-08,3214200000,0.77%
2023-12-07,3189500000,-1.32%
2023-12-06,3232300000,-0.31%
2023-12-05,3242200000,0.20%
2023-12-04,3235600000,1.50%
2023-12-01,3187800000,-0.72%
2023-11-30,3210900000,0.98%
2023-11-29,3179600000,-1.02%
2023-11-28,3212500000,-0.86%
2023-11-27,3240500000,2.18%
2023-11-24,3171300000,0.84%
2023-11-22,3145000000,1.54%
2023-11-21,3097200000,-2.19%
2023-11-20,3166400000,-3.32%
2023-11-17,3275100000,7.87%
2023-11-16,3036200000,
2023-11-15,3036200000,-2.12%
2023-11-14,3102100000,5.02%
2023-11-13,2953900000,-0.94%
2023-11-10,2981900000,0.39%
2023-11-09,2970400000,-0.11%
2023-11-08,2973600000,-1.47%
2023-11-07,3018100000,0.94%
2023-11-06,2990100000,-2.89%
2023-11-03,3079100000,4.30%
2023-11-02,2952200000,
2023-11-01,2952200000,-0.06%
2023-10-31,2953900000,-0.33%
2023-10-30,2963800000,1.70%
2023-10-27,2914300000,0.80%
2023-10-26,2891100000,-0.11%
2023-10-25,2894400000,-0.17%
2023-10-24,2899200000,1.02%
2023-10-23,2869900000,-2.71%
2023-10-20,2949800000,3.37%
2023-10-19,2853600000,-0.28%
2023-10-18,2861700000,-1.79%
2023-10-17,2913900000,-0.17%
2023-10-16,2918800000,-10.41%
2023-10-13,3258000000,1.22%
2023-10-12,3218800000,-0.80%
2023-10-11,3244900000,4.74%
2023-10-10,3098200000,0.74%
2023-10-09,3075300000,-2.74%
2023-10-06,3161800000,1.41%
2023-10-05,3117700000,-1.49%
2023-10-04,3165000000,0.41%
2023-10-03,3152000000,-0.41%
2023-10-02,3165000000,-1.92%
2023-09-29,3227000000,-0.85%
2023-09-28,3254700000,-1.43%
2023-09-27,3302000000,4.33%
2023-09-26,3165000000,0.26%
2023-09-25,3156900000,4.20%
2023-09-22,3029700000,1.70%
2023-09-21,2979100000,-3.08%
2023-09-20,3073700000,-0.48%
2023-09-19,3088400000,-2.67%
2023-09-18,3173200000,1.94%
2023-09-15,3112900000,-3.44%
2023-09-14,3223700000,1.49%
2023-09-13,3176400000,-1.32%
2023-09-12,3218800000,-0.45%
2023-09-11,3233500000,-0.90%
2023-09-08,3262900000,1.37%
2023-09-07,3218800000,-0.15%
2023-09-06,3223700000,2.17%
2023-09-05,3155200000,-18.22%
2023-09-01,3858000000,3.73%
2023-08-31,3719400000,-1.47%
2023-08-30,3774900000,0.30%
2023-08-29,3763500000,-1.79%
2023-08-28,3832000000,0.56%
2023-08-25,3810800000,1.35%
2023-08-24,3760200000,-1.37%
2023-08-23,3812400000,7.25%
2023-08-22,3554800000,-0.13%
2023-08-21,3559600000,-1.98%
2023-08-18,3631400000,-3.43%
2023-08-17,3760200000,-0.30%
2023-08-16,3771600000,-2.12%
2023-08-15,3853200000,-2.27%
2023-08-14,3942800000,5.59%
2023-08-11,3734100000,0.26%
2023-08-10,3724300000,-0.48%
2023-08-09,3742300000,-2.05%
2023-08-08,3820500000,-0.04%
2023-08-07,3822200000,14.45%
2023-08-04,3339500000,1.79%
2023-08-03,3280800000,-1.66%
2023-08-02,3336200000,0.99%
2023-08-01,3303600000,-8.58%
2023-07-31,3613500000,-1.60%
2023-07-28,3672200000,2.32%
2023-07-27,3589000000,-1.17%
2023-07-26,3631400000,-0.18%
2023-07-25,3637900000,0.22%
2023-07-24,3629800000,2.96%
2023-07-21,3525400000,-1.50%
2023-07-20,3579200000,-0.54%
2023-07-19,3598800000,-6.64%
2023-07-18,3854800000,-0.04%
2023-07-17,3856400000,3.18%
2023-07-14,3737400000,-0.13%
2023-07-13,3742300000,0.13%
2023-07-12,3737400000,0.75%
2023-07-11,3709700000,-1.85%
2023-07-10,3779800000,-4.45%
2023-07-07,3955900000,-0.20%
2023-07-06,3964000000,-0.61%
2023-07-05,3988500000,0.21%
2023-07-03,3980300000,0.12%
2023-06-30,3975500000,-0.77%
2023-06-29,4006400000,-2.19%
2023-06-28,4096100000,4.67%
2023-06-27,3913500000,7.38%
2023-06-26,3644400000,-1.11%
2023-06-23,3685200000,-2.08%
2023-06-22,3763500000,1.45%
2023-06-21,3709700000,1.11%
2023-06-20,3668900000,-4.86%
2023-06-16,3856400000,-4.68%
2023-06-15,4045600000,6.85%
2023-06-14,3786300000,1.40%
2023-06-13,3734100000,13.76%
2023-06-12,3282400000,3.98%
2023-06-09,3156900000,4.76%
2023-06-08,3013400000,-2.43%
2023-06-07,3088400000,2.88%
2023-06-06,3002000000,1.99%
2023-06-05,2943300000,-4.09%
2023-06-02,3068800000,1.29%
2023-06-01,3029700000,-3.83%
2023-05-31,3150400000,3.43%
2023-05-30,3046000000,-1.53%
2023-05-26,3093300000,-1.45%
2023-05-25,3138900000,-1.39%
2023-05-24,3183000000,1.77%
2023-05-23,3127500000,-2.05%
2023-05-22,3192800000,4.60%
2023-05-19,3052500000,-0.64%
2023-05-18,3072100000,-1.67%
2023-05-17,3124300000,1.00%
2023-05-16,3093300000,0.64%
2023-05-15,3073700000,3.97%
2023-05-12,2956300000,-1.31%
2023-05-11,2995400000,-9.51%
2023-05-10,3310200000,1.05%
2023-05-09,3275900000,7.32%
2023-05-08,3052500000,-1.84%
2023-05-05,3109600000,-1.40%
2023-05-04,3153600000,-3.92%
2023-05-03,3282400000,5.01%
2023-05-02,3125900000,0.16%
2023-05-01,3121000000,-4.54%
2023-04-28,3269400000,-2.67%
2023-04-27,3359100000,0.15%
2023-04-26,3354200000,-2.05%
2023-04-25,3424300000,-2.46%
2023-04-24,3510700000,2.48%
2023-04-21,3425900000,1.11%
2023-04-20,3388400000,1.61%
2023-04-19,3334600000,-0.58%
2023-04-18,3354200000,4.52%
2023-04-17,3209100000,-10.62%
2023-04-14,3590600000,-4.80%
2023-04-13,3771600000,-1.11%
2023-04-12,3814000000,3.08%
2023-04-11,3699900000,6.43%
2023-04-10,3476500000,-1.70%
2023-04-06,3536800000,1.07%
2023-04-05,3499300000,-1.79%
2023-04-04,3562900000,1.63%
2023-04-03,3505800000,-2.93%
2023-03-31,3611800000,-3.02%
2023-03-30,3724300000,1.96%
2023-03-29,3652600000,-0.31%
2023-03-28,3664000000,0.85%
2023-03-27,3633000000,-6.86%
2023-03-24,3900400000,0.67%
2023-03-23,3874400000,-7.26%
2023-03-22,4177600000,6.66%
2023-03-21,3916700000,1.95%
2023-03-20,3841700000,6.41%
2023-03-17,3610200000,1.89%
2023-03-16,3543300000,3.03%
2023-03-15,3439000000,2.48%
2023-03-14,3355800000,0.39%
2023-03-13,3342800000,2.04%
2023-03-10,3275900000,-3.83%
2023-03-09,3406400000,-4.09%
2023-03-08,3551500000,1.40%
2023-03-07,3502600000,-2.05%
2023-03-06,3575900000,2.76%
2023-03-03,3479700000,0.99%
2023-03-02,3445500000,3.33%
2023-03-01,3334600000,-1.45%
2023-02-28,3383500000,-0.14%
2023-02-27,3388400000,-9.22%
2023-02-24,3732500000,0.13%
2023-02-23,3727600000,1.33%
2023-02-22,3678700000,-1.87%
2023-02-21,3748800000,-12.68%
2023-02-17,4293399999,-1.90%
2023-02-16,4376600000,9.73%
2023-02-15,3988500000,2.51%
2023-02-14,3890700000,1.10%
2023-02-13,3848300000,0.26%
2023-02-10,3838500000,-7.28%
2023-02-09,4140100000,8.78%
2023-02-08,3805900000,10.51%
2023-02-07,3443900000,-1.54%
2023-02-06,3497700000,-1.87%
2023-02-03,3564500000,-2.32%
2023-02-02,3649300000,-0.49%
2023-02-01,3667300000,-0.26%
2023-01-31,3677000000,-0.05%
2023-01-30,3678700000,-0.97%
2023-01-27,3714600000,0.66%
2023-01-26,3690100000,-3.17%
2023-01-25,3810800000,3.18%
2023-01-24,3693400000,-1.13%
2023-01-23,3735800000,-1.88%
2023-01-20,3807500000,1.52%
2023-01-19,3750400000,0.26%
2023-01-18,3740600000,0.52%
2023-01-17,3721100000,-0.65%
2023-01-13,3745500000,0.88%
2023-01-12,3712900000,-0.53%
2023-01-11,3732500000,0.26%
2023-01-10,3722700000,-1.21%
2023-01-09,3768400000,-0.90%
2023-01-06,3802600000,1.97%
2023-01-05,3729200000,-1.85%
2023-01-04,3799300000,2.37%
2023-01-03,3711300000,-2.44%
2022-12-30,3804200000,1.04%
2022-12-29,3765100000,2.85%
2022-12-28,3660700000,-2.90%
2022-12-27,3770000000,2.85%
2022-12-23,3665600000,0.18%
2022-12-22,3659100000,-1.41%
2022-12-21,3711300000,3.93%
2022-12-20,3571100000,2.96%
2022-12-19,3468300000,-2.66%
2022-12-16,3562900000,1.06%
2022-12-15,3525400000,0.14%
2022-12-14,3520500000,4.40%
2022-12-13,3372100000,0.58%
2022-12-12,3352600000,1.03%
2022-12-09,3318300000,-6.87%
2022-12-08,3562900000,-2.27%
2022-12-07,3645800000,-0.36%
2022-12-06,3659000000,-0.67%
2022-12-05,3683700000,-1.63%
2022-12-02,3744700000,0.76%
2022-12-01,3716600000,2.08%
2022-11-30,3640900000,-0.36%
2022-11-29,3654000000,4.38%
2022-11-28,3500800000,0.19%
2022-11-25,3494200000,12.82%
2022-11-23,3097200000,25.84%
2022-11-22,2461300000,14.66%
2022-11-21,2146600000,-0.76%
2022-11-18,2163100000,2.26%
2022-11-17,2115300000,0.31%
2022-11-16,2108699999,-1.31%
2022-11-15,2136699999,-1.74%
2022-11-14,2174600000,-0.68%
2022-11-11,2189500000,1.15%
2022-11-10,2164700000,1.07%
2022-11-09,2141699999,-1.14%
2022-11-08,2166400000,-1.72%
2022-11-07,2204300000,3.48%
2022-11-04,2130199999,2.95%
2022-11-03,2069199999,-2.41%
2022-11-02,2120300000,-1.83%
2022-11-01,2159800000,0.38%
2022-10-31,2151600000,
2022-10-28,2151600000,-1.95%
2022-10-27,2194400000,0.98%
2022-10-26,2173000000,4.44%
2022-10-25,2080699999,2.27%
2022-10-24,2034600000,-1.98%
2022-10-21,2075800000,-0.08%
2022-10-20,2077400000,-0.47%
2022-10-19,2087300000,-1.71%
2022-10-18,2123600000,-1.22%
2022-10-17,2149900000,0.77%
2022-10-14,2133400000,0.23%
2022-10-13,2128500000,
2022-10-12,2128500000,-2.64%
2022-10-11,2186200000,-0.60%
2022-10-10,2199300000,-2.13%
2022-10-07,2247100000,0.37%
2022-10-06,2238900000,-0.80%
2022-10-05,2257000000,-0.08%
2022-10-04,2258700000,2.31%
2022-10-03,2207600000,0.98%
2022-09-30,2186200000,3.19%
2022-09-29,2118600000,1.26%
2022-09-28,2092300000,-0.78%
2022-09-27,2108699999,-0.93%
2022-09-26,2128500000,-1.15%
2022-09-23,2153200000,-3.08%
2022-09-22,2221700000,1.11%
2022-09-21,2197300000,-3.09%
2022-09-20,2267400000,-1.49%
2022-09-19,2301600000,-0.21%
2022-09-16,2306500000,-2.28%
2022-09-15,2360300000,-1.36%
2022-09-14,2392900000,1.17%
2022-09-13,2365200000,-4.29%
2022-09-12,2471100000,5.06%
2022-09-09,2352100000,0.28%
2022-09-08,2345600000,-1.17%
2022-09-07,2373300000,0.76%
2022-09-06,2355400000,7.27%
2022-09-02,2195700000,0.53%
2022-09-01,2184200000,-0.30%
2022-08-31,2190800000,1.44%
2022-08-30,2159800000,1.38%
2022-08-29,2130400000,-0.54%
2022-08-26,2141900000,-3.17%
2022-08-25,2212000000,1.12%
2022-08-24,2187500000,0.07%
2022-08-23,2185900000,1.13%
2022-08-22,2161400000,-3.07%
2022-08-19,2229900000,-1.58%
2022-08-18,2265700000,1.68%
2022-08-17,2228300000,6.97%
2022-08-16,2083199999,0.08%
2022-08-15,2081500000,-0.39%
2022-08-12,2089699999,4.40%
2022-08-11,2001700000,-3.69%
2022-08-10,2078300000,11.94%
2022-08-09,1856600000,-1.39%
2022-08-08,1882700000,0.35%
2022-08-05,1876200000,-1.20%
2022-08-04,1899000000,2.01%
2022-08-03,1861500000,2.15%
2022-08-02,1822400000,
2022-08-01,1822400000,0.36%
2022-07-29,1815900000,-0.09%
2022-07-28,1817500000,-1.06%
2022-07-27,1837000000,2.27%
2022-07-26,1796300000,-2.13%
2022-07-25,1835400000,1.07%
2022-07-22,1815900000,-1.33%
2022-07-21,1840300000,1.25%
2022-07-20,1817500000,-0.09%
2022-07-19,1819100000,1.27%
2022-07-18,1796300000,
2022-07-15,1796300000,2.23%
2022-07-14,1757200000,1.41%
2022-07-13,1732700000,-0.47%
2022-07-12,1740900000,1.62%
2022-07-11,1713200000,-2.05%
2022-07-08,1749000000,-1.11%
2022-07-07,1768600000,0.47%
2022-07-06,1760400000,-2.35%
2022-07-05,1802800000,0.55%
2022-07-01,1793000000,-1.08%
2022-06-30,1812600000,-1.33%
2022-06-29,1837000000,-0.79%
2022-06-28,1851700000,-0.18%
2022-06-27,1855000000,-1.64%
2022-06-24,1885900000,1.13%
2022-06-23,1864800000,-0.52%
2022-06-22,1874500000,-0.95%
2022-06-21,1892500000,1.40%
2022-06-17,1866400000,6.61%
2022-06-16,1750700000,-2.09%
2022-06-15,1788100000,1.38%
2022-06-14,1763700000,-2.26%
2022-06-13,1804400000,-4.32%
2022-06-10,1885900000,-4.14%
2022-06-09,1967400000,-2.98%
2022-06-08,2027800000,0.65%
2022-06-07,2014700000,0.16%
2022-06-06,2011500000,0.90%
2022-06-03,1993500000,-2.78%
2022-06-02,2050600000,0.16%
2022-06-01,2047300000,-1.57%
2022-05-31,2079900000,1.19%
2022-05-27,2055500000,0.72%
2022-05-26,2040800000,-3.77%
2022-05-25,2120699999,3.59%
2022-05-24,2047300000,-3.09%
2022-05-23,2112500000,-0.77%
2022-05-20,2128800000,
2022-05-19,2128800000,0.46%
2022-05-18,2119000000,-2.11%
2022-05-17,2164700000,1.92%
2022-05-16,2123900000,-1.66%
2022-05-13,2159800000,0.99%
2022-05-12,2138600000,
2022-05-11,2138600000,-1.94%
2022-05-10,2181000000,1.52%
2022-05-09,2148400000,-4.63%
2022-05-06,2252700000,-2.19%
2022-05-05,2303200000,-0.57%
2022-05-04,2316300000,0.21%
2022-05-03,2311400000,1.50%
2022-05-02,2277200000,3.18%
2022-04-29,2207100000,0.74%
2022-04-28,2190800000,0.60%
2022-04-27,2177700000,0.15%
2022-04-26,2174500000,-3.05%
2022-04-25,2242900000,2.53%
2022-04-22,2187500000,-2.75%
2022-04-21,2249400000,-1.92%
2022-04-20,2293500000,0.93%
2022-04-19,2272300000,-0.36%
2022-04-18,2280400000,0.65%
2022-04-14,2265700000,-1.00%
2022-04-13,2288600000,0.65%
2022-04-12,2273900000,-1.48%
2022-04-11,2308100000,-3.81%
2022-04-08,2399400000,0.20%
2022-04-07,2394500000,1.38%
2022-04-06,2361900000,0.55%
2022-04-05,2348900000,-1.23%
2022-04-04,2378200000,-0.75%
2022-04-01,2396100000,1.59%
2022-03-31,2358700000,-0.27%
2022-03-30,2365200000,-0.82%
2022-03-29,2384700000,-0.14%
2022-03-28,2388000000,2.95%
2022-03-25,2319500000,2.89%
2022-03-24,2254300000,
2022-03-23,2254300000,0.14%
2022-03-22,2251100000,0.73%
2022-03-21,2234800000,4.34%
2022-03-18,2141900000,2.66%
2022-03-17,2086400000,1.67%
2022-03-16,2052199999,0.64%
2022-03-15,2039200000,-0.24%
2022-03-14,2044100000,-0.47%
2022-03-11,2053800000,-0.63%
2022-03-10,2066900000,1.85%
2022-03-09,2029400000,1.06%
2022-03-08,2008200000,0.82%
2022-03-07,1991900000,-0.97%
2022-03-04,2011500000,-3.67%
2022-03-03,2088100000,-0.69%
2022-03-02,2102699999,0.62%
2022-03-01,2089699999,-4.68%
2022-02-28,2192300000,1.28%
2022-02-25,2164600000,1.38%
2022-02-24,2135199999,-0.46%
2022-02-23,2145000000,-0.68%
2022-02-22,2159700000,-0.68%
2022-02-18,2174400000,0.15%
2022-02-17,2171100000,-2.13%
2022-02-16,2218400000,0.08%
2022-02-15,2216700000,0.66%
2022-02-14,2202100000,-2.45%
2022-02-11,2257500000,-1.63%
2022-02-10,2295000000,2.40%
2022-02-09,2241200000,0.44%
2022-02-08,2231400000,0.96%
2022-02-07,2210200000,0.37%
2022-02-04,2202100000,
2022-02-03,2202100000,-1.24%
2022-02-02,2229800000,-0.58%
2022-02-01,2242800000,0.22%
2022-01-31,2237900000,1.40%
2022-01-28,2207000000,0.90%
2022-01-27,2187400000,1.59%
2022-01-26,2153200000,-0.30%
2022-01-25,2159700000,-2.00%
2022-01-24,2203700000,0.07%
2022-01-21,2202100000,-1.53%
2022-01-20,2236300000,-1.65%
2022-01-19,2273800000,-0.78%
2022-01-18,2291700000,-0.78%
2022-01-14,2309700000,-2.27%
2022-01-13,2363400000,-1.16%
2022-01-12,2391200000,-0.94%
2022-01-11,2414000000,0.68%
2022-01-10,2397700000,-0.34%
2022-01-07,2405800000,-0.81%
2022-01-06,2425400000,1.85%
2022-01-05,2381400000,-0.34%
2022-01-04,2389500000,-0.14%
2022-01-03,2392800000,3.09%
2021-12-31,2321100000,-0.14%
2021-12-30,2324300000,0.21%
2021-12-29,2319400000,-1.39%
2021-12-28,2352000000,0.14%
2021-12-27,2348800000,1.27%
2021-12-23,2319400000,1.50%
2021-12-22,2285200000,-0.43%
2021-12-21,2295000000,0.72%
2021-12-20,2278700000,
2021-12-17,2278700000,0.43%
2021-12-16,2268900000,-0.71%
2021-12-15,2285200000,-1.47%
2021-12-14,2319400000,-1.46%
2021-12-13,2353700000,-2.10%
2021-12-10,2404200000,-1.73%
2021-12-09,2446600000,-1.31%
2021-12-08,2479200000,-0.78%
2021-12-07,2498700000,2.06%
2021-12-06,2448200000,0.67%
2021-12-03,2431900000,
2021-12-02,2431900000,0.40%
2021-12-01,2422100000,-3.57%
2021-11-30,2511800000,-0.26%
2021-11-29,2518300000,-0.26%
2021-11-26,2524800000,0.39%
2021-11-24,2515000000,-1.66%
2021-11-23,2557400000,1.09%
2021-11-22,2529700000,-0.51%
2021-11-19,2542700000,-0.83%
2021-11-18,2563900000,-1.19%
2021-11-17,2594900000,0.13%
2021-11-16,2591600000,-0.75%
2021-11-15,2611200000,
2021-11-12,2611200000,-1.17%
2021-11-11,2642100000,0.49%
2021-11-10,2629100000,-1.83%
2021-11-09,2678000000,0.06%
2021-11-08,2676400000,0.49%
2021-11-05,2663300000,2.19%
2021-11-04,2606300000,0.13%
2021-11-03,2603000000,-1.36%
2021-11-02,2638900000,-2.47%
2021-11-01,2705700000,1.90%
2021-10-29,2655200000,-0.06%
2021-10-28,2656800000,0.31%
2021-10-27,2648700000,0.25%
2021-10-26,2642100000,0.81%
2021-10-25,2621000000,-0.74%
2021-10-22,2640500000,-1.22%
2021-10-21,2673100000,-1.03%
2021-10-20,2700800000,
2021-10-19,2700800000,-0.36%
2021-10-18,2710600000,0.12%
2021-10-15,2707300000,0.61%
2021-10-14,2691000000,0.36%
2021-10-13,2681300000,-0.18%
2021-10-12,2686100000,2.61%
2021-10-11,2617700000,-2.49%
2021-10-08,2684500000,-2.49%
2021-10-07,2753000000,-0.29%
2021-10-06,2761100000,-13.66%
2021-10-05,3198000000,-0.25%
2021-10-04,3206100000,-1.55%
2021-10-01,3256600000,3.15%
2021-09-30,3157200000,-1.33%
2021-09-29,3199600000,-0.25%
2021-09-28,3207700000,-4.00%
2021-09-27,3341400000,2.65%
2021-09-24,3255000000,3.05%
2021-09-23,3158800000,4.93%
2021-09-22,3010500000,1.82%
2021-09-21,2956700000,2.03%
2021-09-20,2898000000,-1.14%
2021-09-17,2931300000,2.10%
2021-09-16,2871000000,0.57%
2021-09-15,2854700000,-1.41%
2021-09-14,2895400000,0.45%
2021-09-13,2882400000,2.37%
2021-09-10,2815600000,
2021-09-09,2815600000,0.88%
2021-09-08,2791100000,-0.29%
2021-09-07,2799300000,-0.69%
2021-09-03,2818800000,0.06%
2021-09-02,2817200000,-1.93%
2021-09-01,2872600000,2.26%
2021-08-31,2809100000,-1.71%
2021-08-30,2858000000,-4.10%
2021-08-27,2980200000,5.85%
2021-08-26,2815600000,-0.11%
2021-08-25,2818800000,-3.35%
2021-08-24,2916600000,1.24%
2021-08-23,2880800000,1.03%
2021-08-20,2851400000,2.28%
2021-08-19,2787900000,-0.23%
2021-08-18,2794400000,1.78%
2021-08-17,2745500000,-0.88%
2021-08-16,2770000000,-0.06%
2021-08-13,2771600000,0.65%
2021-08-12,2753700000,2.30%
2021-08-11,2691800000,1.04%
2021-08-10,2664100000,0.80%
2021-08-09,2642900000,-0.49%
2021-08-06,2655900000,0.49%
2021-08-05,2642900000,2.01%
2021-08-04,2590700000,
2021-08-03,2590700000,-1.61%
2021-08-02,2633100000,0.50%
2021-07-30,2620100000,0.69%
2021-07-29,2602100000,0.19%
2021-07-28,2597200000,0.89%
2021-07-27,2574400000,0.25%
2021-07-26,2567900000,-0.88%
2021-07-23,2590700000,0.95%
2021-07-22,2566300000,0.96%
2021-07-21,2541800000,3.58%
2021-07-20,2453900000,2.17%
2021-07-19,2401700000,-2.39%
2021-07-16,2460400000,
2021-07-15,2460400000,0.60%
2021-07-14,2445700000,1.01%
2021-07-13,2421300000,-1.26%
2021-07-12,2452200000,0.20%
2021-07-09,2447300000,0.74%
2021-07-08,2429400000,-0.20%
2021-07-07,2434300000,-0.99%
2021-07-06,2458700000,-1.57%
2021-07-02,2497900000,0.26%
2021-07-01,2491300000,0.66%
2021-06-30,2475000000,-0.13%
2021-06-29,2478300000,-0.33%
2021-06-28,2486400000,-1.74%
2021-06-25,2530400000,0.19%
2021-06-24,2525600000,0.19%
2021-06-23,2520700000,0.39%
2021-06-22,2510900000,-0.58%
2021-06-21,2525600000,-0.26%
2021-06-18,2532100000,0.72%
2021-06-17,2514100000,-0.19%
2021-06-16,2519000000,
2021-06-15,2519000000,-0.26%
2021-06-14,2525600000,-1.59%
2021-06-11,2566300000,0.38%
2021-06-10,2556500000,0.25%
2021-06-09,2550000000,-0.82%
2021-06-08,2571200000,0.77%
2021-06-07,2551600000,0.06%
2021-06-04,2550000000,-1.70%
2021-06-03,2594000000,1.73%
2021-06-02,2550000000,
2021-06-01,2550000000,0.13%
2021-05-28,2546700000,-1.20%
2021-05-27,2577700000,-1.06%
2021-05-26,2605400000,2.83%
2021-05-25,2533700000,-0.83%
2021-05-24,2554900000,0.90%
2021-05-21,2532100000,-0.26%
2021-05-20,2538600000,-0.26%
2021-05-19,2545100000,-1.64%
2021-05-18,2587500000,-0.12%
2021-05-17,2590700000,0.63%
2021-05-14,2574400000,3.00%
2021-05-13,2499500000,-1.03%
2021-05-12,2525600000,-3.00%
2021-05-11,2603800000,-0.62%
2021-05-10,2620100000,-3.36%
2021-05-07,2711300000,0.91%
2021-05-06,2686900000,-1.37%
2021-05-05,2724300000,-2.45%
2021-05-04,2792800000,-1.89%
2021-05-03,2846500000,-1.47%
2021-04-30,2888900000,-0.06%
2021-04-29,2890500000,3.14%
2021-04-28,2802600000,2.75%
2021-04-27,2727600000,-0.89%
2021-04-26,2752000000,4.26%
2021-04-23,2639600000,-0.67%
2021-04-22,2657500000,-1.39%
2021-04-21,2695000000,1.97%
2021-04-20,2642900000,-6.02%
2021-04-19,2812300000,6.74%
2021-04-16,2634700000,-0.80%
2021-04-15,2655900000,1.56%
2021-04-14,2615200000,-1.23%
2021-04-13,2647800000,-0.79%
2021-04-12,2668900000,-0.85%
2021-04-09,2691800000,0.12%
2021-04-08,2688500000,-1.55%
2021-04-07,2730900000,
2021-04-06,2730900000,2.70%
2021-04-05,2659200000,0.50%
2021-04-01,2646100000,3.17%
2021-03-31,2564700000,-0.38%
2021-03-30,2574400000,-0.94%
2021-03-29,2598900000,-1.24%
2021-03-26,2631500000,-3.92%
2021-03-25,2739000000,-2.67%
2021-03-24,2814000000,0.94%
2021-03-23,2787900000,-1.21%
2021-03-22,2822100000,-1.20%
2021-03-19,2856300000,-1.13%
2021-03-18,2888900000,-2.96%
2021-03-17,2976900000,-3.23%
2021-03-16,3076300000,0.64%
2021-03-15,3056700000,2.74%
2021-03-12,2975300000,-9.29%
2021-03-11,3280000000,0.95%
2021-03-10,3249000000,-0.15%
2021-03-09,3253900000,-0.15%
2021-03-08,3258800000,1.01%
2021-03-05,3226200000,5.15%
2021-03-04,3068100000,-3.63%
2021-03-03,3183800000,5.11%
2021-03-02,3029000000,-1.59%
2021-03-01,3077900000,0.10%
2021-02-26,3074700000,7.28%
2021-02-25,2866100000,0.80%
2021-02-24,2843300000,0.69%
2021-02-23,2823700000,1.34%
2021-02-22,2786300000,4.97%
2021-02-19,2654300000,1.43%
2021-02-18,2616800000,-1.95%
2021-02-17,2668900000,-0.97%
2021-02-16,2695000000,6.43%
2021-02-12,2532100000,-1.02%
2021-02-11,2558100000,-0.76%
2021-02-10,2577700000,-0.69%
2021-02-09,2595600000,-2.03%
2021-02-08,2649400000,1.44%
2021-02-05,2611900000,3.29%
2021-02-04,2528800000,2.24%
2021-02-03,2473400000,-0.59%
2021-02-02,2488100000,3.46%
2021-02-01,2405000000,2.43%
2021-01-29,2348000000,-1.23%
2021-01-28,2377300000,-1.22%
2021-01-27,2406600000,-2.70%
2021-01-26,2473400000,-0.72%
2021-01-25,2491300000,-0.52%
2021-01-22,2504400000,-3.27%
2021-01-21,2589100000,-1.36%
2021-01-20,2624900000,0.50%
2021-01-19,2611900000,-1.53%
2021-01-15,2652600000,-1.03%
2021-01-14,2680300000,0.30%
2021-01-13,2672200000,-0.90%
2021-01-12,2696600000,-0.84%
2021-01-11,2719500000,-0.89%
2021-01-08,2743900000,-1.12%
2021-01-07,2774900000,0.18%
2021-01-06,2770000000,3.47%
2021-01-05,2677100000,-0.24%
2021-01-04,2683600000,-1.61%
2020-12-31,2727600000,1.95%
2020-12-30,2675500000,0.37%
2020-12-29,2665700000,-2.91%
2020-12-28,2745500000,1.32%
2020-12-24,2709700000,0.18%
2020-12-23,2704800000,2.79%
2020-12-22,2631500000,-0.80%
2020-12-21,2652600000,-1.34%
2020-12-18,2688500000,-1.73%
2020-12-17,2735700000,0.78%
2020-12-16,2714600000,0.79%
2020-12-15,2693400000,0.79%
2020-12-14,2672200000,1.93%
2020-12-11,2621700000,0.25%
2020-12-10,2615200000,-0.92%
2020-12-09,2639600000,-1.82%
2020-12-08,2688500000,0.18%
2020-12-07,2683600000,0.37%
2020-12-04,2673800000,2.95%
2020-12-03,2597200000,-1.36%
2020-12-02,2633100000,2.48%
2020-12-01,2569500000,1.81%
2020-11-30,2523900000,-1.90%
2020-11-27,2572800000,-2.53%
2020-11-25,2639600000,0.31%
2020-11-24,2631500000,4.67%
2020-11-23,2514100000,2.05%
2020-11-20,2463600000,-2.71%
2020-11-19,2532100000,1.24%
2020-11-18,2501100000,-2.17%
2020-11-17,2556500000,-0.44%
2020-11-16,2567900000,1.22%
2020-11-13,2537000000,1.83%
2020-11-12,2491300000,-0.52%
2020-11-11,2504400000,0.39%
2020-11-10,2494600000,-0.20%
2020-11-09,2499500000,10.76%
2020-11-06,2256700000,-0.43%
2020-11-05,2266500000,1.53%
2020-11-04,2232300000,1.86%
2020-11-03,2191500000,0.30%
2020-11-02,2185000000,-1.83%
2020-10-30,2225700000,0.44%
2020-10-29,2216000000,1.04%
2020-10-28,2193200000,-3.17%
2020-10-27,2264900000,-0.36%
2020-10-26,2273000000,-2.58%
2020-10-23,2333300000,0.99%
2020-10-22,2310500000,-2.61%
2020-10-21,2372400000,8.22%
2020-10-20,2192100000,-1.19%
2020-10-19,2218400000,-2.39%
2020-10-16,2272700000,-0.93%
2020-10-15,2294100000,-1.69%
2020-10-14,2333600000,-0.63%
2020-10-13,2348500000,-1.24%
2020-10-12,2378100000,1.05%
2020-10-09,2353400000,-1.99%
2020-10-08,2401100000,3.11%
2020-10-07,2328700000,-0.49%
2020-10-06,2340200000,-1.18%
2020-10-05,2368200000,-1.23%
2020-10-02,2397800000,0.34%
2020-10-01,2389600000,-0.14%
2020-09-30,2392900000,-0.41%
2020-09-29,2402800000,-1.08%
2020-09-28,2429100000,-0.27%
2020-09-25,2435700000,1.72%
2020-09-24,2394500000,-1.02%
2020-09-23,2419200000,-2.65%
2020-09-22,2485000000,-1.05%
2020-09-21,2511400000,-2.86%
2020-09-18,2585400000,-3.86%
2020-09-17,2689100000,-0.55%
2020-09-16,2703900000,0.49%
2020-09-15,2690800000,0.74%
2020-09-14,2671000000,-0.25%
2020-09-11,2677600000,-0.67%
2020-09-10,2695700000,-0.85%
2020-09-09,2718700000,0.98%
2020-09-08,2692400000,8.13%
2020-09-04,2490000000,-1.11%
2020-09-03,2518000000,-1.61%
2020-09-02,2559100000,0.78%
2020-09-01,2539400000,0.33%
2020-08-31,2531100000,-0.71%
2020-08-28,2549200000,0.39%
2020-08-27,2539400000,0.33%
2020-08-26,2531100000,1.05%
2020-08-25,2504800000,0.73%
2020-08-24,2486700000,1.61%
2020-08-21,2447200000,-0.87%
2020-08-20,2468600000,-0.33%
2020-08-19,2476800000,-0.13%
2020-08-18,2480100000,1.34%
2020-08-17,2447200000,-2.04%
2020-08-14,2498200000,0.60%
2020-08-13,2483400000,0.60%
2020-08-12,2468600000,-0.40%
2020-08-11,2478500000,0.40%
2020-08-10,2468600000,-0.40%
2020-08-07,2478500000,-0.53%
2020-08-06,2491600000,0.06%
2020-08-05,2490000000,2.99%
2020-08-04,2417600000,1.17%
2020-08-03,2389600000,3.79%
2020-07-31,2302400000,-3.32%
2020-07-30,2381400000,-1.90%
2020-07-29,2427400000,-1.14%
2020-07-28,2455400000,-0.40%
2020-07-27,2465300000,0.27%
2020-07-24,2458700000,1.49%
2020-07-23,2422500000,-1.47%
2020-07-22,2458700000,-0.40%
2020-07-21,2468600000,
2020-07-20,2468600000,0.13%
2020-07-17,2465300000,-0.13%
2020-07-16,2468600000,-0.27%
2020-07-15,2475200000,-0.06%
2020-07-14,2476800000,-0.73%
2020-07-13,2494900000,0.93%
2020-07-10,2471900000,-0.53%
2020-07-09,2485000000,-3.39%
2020-07-08,2572300000,-2.19%
2020-07-07,2629900000,-1.66%
2020-07-06,2674300000,0.18%
2020-07-02,2669400000,2.99%
2020-07-01,2592000000,-0.51%
2020-06-30,2605200000,3.40%
2020-06-29,2519600000,1.39%
2020-06-26,2485000000,-2.90%
2020-06-25,2559100000,0.26%
2020-06-24,2552500000,-2.08%
2020-06-23,2606800000,-0.38%
2020-06-22,2616700000,-1.97%
2020-06-19,2669400000,-1.58%
2020-06-18,2712200000,0.74%
2020-06-17,2692400000,1.36%
2020-06-16,2656200000,
2020-06-15,2656200000,0.37%
2020-06-12,2646300000,-0.25%
2020-06-11,2652900000,-2.42%
2020-06-10,2718700000,-3.39%
2020-06-09,2814200000,-2.73%
2020-06-08,2893200000,1.74%
2020-06-05,2843800000,-2.48%
2020-06-04,2916200000,1.55%
2020-06-03,2871800000,1.16%
2020-06-02,2838900000,3.29%
2020-06-01,2748400000,0.42%
2020-05-29,2736800000,0.12%
2020-05-28,2733600000,-0.30%
2020-05-27,2741800000,5.18%
2020-05-26,2606800000,0.96%
2020-05-22,2582100000,-1.45%
2020-05-21,2620000000,-3.10%
2020-05-20,2703900000,1.67%
2020-05-19,2659500000,-2.77%
2020-05-18,2735200000,3.55%
2020-05-15,2641400000,0.88%
2020-05-14,2618400000,0.25%
2020-05-13,2611800000,-4.40%
2020-05-12,2731900000,-1.19%
2020-05-11,2764800000,4.41%
2020-05-08,2648000000,1.77%
2020-05-07,2601900000,-0.38%
2020-05-06,2611800000,-1.61%
2020-05-05,2654600000,1.00%
2020-05-04,2628200000,-0.31%
2020-05-01,2636500000,-4.70%
2020-04-30,2766500000,1.63%
2020-04-29,2722000000,2.04%
2020-04-28,2667700000,4.38%
2020-04-27,2555800000,0.26%
2020-04-24,2549200000,-4.50%
2020-04-23,2669400000,-2.11%
2020-04-22,2727000000,2.73%
2020-04-21,2654600000,0.75%
2020-04-20,2634800000,-1.60%
2020-04-17,2677600000,8.32%
2020-04-16,2471900000,1.56%
2020-04-15,2434000000,-3.46%
2020-04-14,2521300000,2.41%
2020-04-13,2462000000,-0.27%
2020-04-09,2468600000,-0.79%
2020-04-08,2488300000,2.64%
2020-04-07,2424200000,0.89%
2020-04-06,2402800000,4.44%
2020-04-03,2300700000,-4.64%
2020-04-02,2412600000,2.66%
2020-04-01,2350100000,-5.12%
2020-03-31,2476800000,-4.26%
2020-03-30,2587100000,0.90%
2020-03-27,2564000000,-1.77%
2020-03-26,2610100000,2.12%
2020-03-25,2555800000,3.53%
2020-03-24,2468600000,11.94%
2020-03-23,2205300000,0.83%
2020-03-20,2187200000,-0.74%
2020-03-19,2203600000,6.69%
2020-03-18,2065400000,-6.41%
2020-03-17,2206900000,5.92%
2020-03-16,2083500000,-11.65%
2020-03-13,2358300000,7.82%
2020-03-12,2187200000,-13.81%
2020-03-11,2537700000,-6.49%
2020-03-10,2713800000,2.55%
2020-03-09,2646300000,-5.86%
2020-03-06,2810900000,0.89%
2020-03-05,2786200000,-2.98%
2020-03-04,2871800000,1.51%
2020-03-03,2829000000,-5.13%
2020-03-02,2982100000,3.60%
2020-02-28,2878400000,-3.05%
2020-02-27,2968900000,-0.88%
2020-02-26,2995200000,0.89%
2020-02-25,2968900000,-5.05%
2020-02-24,3126900000,-1.50%
2020-02-21,3174600000,-0.26%
2020-02-20,3182800000,1.15%
2020-02-19,3146600000,-0.63%
2020-02-18,3166400000,0.21%
2020-02-14,3159800000,1.43%
2020-02-13,3115400000,-1.30%
2020-02-12,3156500000,-0.93%
2020-02-11,3186100000,1.36%
2020-02-10,3143300000,-1.09%
2020-02-07,3177900000,0.47%
2020-02-06,3163100000,-1.69%
2020-02-05,3217400000,1.35%
2020-02-04,3174600000,1.42%
2020-02-03,3130200000,2.42%
2020-01-31,3056100000,-2.21%
2020-01-30,3125200000,-0.05%
2020-01-29,3126900000,
2020-01-28,3126900000,0.16%
2020-01-27,3121900000,-0.42%
2020-01-24,3135100000,0.32%
2020-01-23,3125200000,-3.70%
2020-01-22,3245400000,-0.66%
2020-01-21,3266800000,-1.97%
2020-01-17,3332600000,-0.15%
2020-01-16,3337500000,-0.20%
2020-01-15,3344100000,0.54%
2020-01-14,3326000000,-0.64%
2020-01-13,3347400000,1.40%
2020-01-10,3301300000,0.45%
2020-01-09,3286500000,-0.60%
2020-01-08,3306300000,-1.03%
2020-01-07,3340800000,0.25%
2020-01-06,3332600000,-0.49%
2020-01-03,3349100000,2.16%
2020-01-02,3278300000,-0.05%
2019-12-31,3279900000,0.05%
2019-12-30,3278300000,0.56%
2019-12-27,3260200000,0.92%
2019-12-26,3230600000,0.10%
2019-12-24,3227300000,-0.56%
2019-12-23,3245400000,3.57%
2019-12-20,3133500000,0.58%
2019-12-19,3115400000,1.50%
2019-12-18,3069300000,0.97%
2019-12-17,3039700000,-0.43%
2019-12-16,3052800000,0.93%
2019-12-13,3024800000,0.22%
2019-12-12,3018300000,-0.49%
2019-12-11,3033100000,-0.54%
2019-12-10,3049500000,0.43%
2019-12-09,3036400000,-1.28%
2019-12-06,3075900000,2.24%
2019-12-05,3008400000,-0.60%
2019-12-04,3026500000,1.89%
2019-12-03,2970500000,-0.28%
2019-12-02,2978800000,-2.06%
2019-11-29,3041300000,-0.75%
2019-11-27,3064300000,11.23%
2019-11-26,2754900000,0.54%
2019-11-25,2740100000,0.42%
2019-11-22,2728600000,0.06%
2019-11-21,2727000000,2.16%
2019-11-20,2669400000,1.44%
2019-11-19,2631500000,-1.90%
2019-11-18,2682500000,0.37%
2019-11-15,2672600000,
2019-11-14,2672600000,-0.43%
2019-11-13,2684200000,-0.91%
2019-11-12,2708800000,-1.85%
2019-11-11,2759900000,0.84%
2019-11-08,2736800000,-0.54%
2019-11-07,2751600000,1.21%
2019-11-06,2718700000,-1.72%
2019-11-05,2766400000,-2.21%
2019-11-04,2829000000,0.47%
2019-11-01,2815800000,2.27%
2019-10-31,2753300000,-1.70%
2019-10-30,2801000000,0.06%
2019-10-29,2799400000,-0.70%
2019-10-28,2819100000,1.36%
2019-10-25,2781200000,1.13%
2019-10-24,2750000000,1.46%
2019-10-23,2710500000,2.24%
2019-10-22,2651200000,-0.68%
2019-10-21,2669300000,1.88%
2019-10-18,2620000000,-1.36%
2019-10-17,2656200000,0.06%
2019-10-16,2654500000,0.56%
2019-10-15,2639700000,0.82%
2019-10-14,2618300000,-1.55%
2019-10-11,2659500000,2.41%
2019-10-10,2596900000,2.93%
2019-10-09,2522900000,-3.64%
2019-10-08,2618300000,-1.24%
2019-10-07,2651200000,0.62%
2019-10-04,2634800000,-1.23%
2019-10-03,2667700000,1.12%
2019-10-02,2638100000,-0.37%
2019-10-01,2647900000,-2.07%
2019-09-30,2703900000,0.12%
2019-09-27,2700600000,0.37%
2019-09-26,2690700000,-1.80%
2019-09-25,2740100000,0.91%
2019-09-24,2715400000,-4.27%
2019-09-23,2836400000,-1.49%
2019-09-20,2879200000,-1.19%
2019-09-19,2913800000,-0.39%
2019-09-18,2925300000,0.17%
2019-09-17,2920300000,-1.28%
2019-09-16,2958200000,3.93%
2019-09-13,2846300000,0.58%
2019-09-12,2829900000,0.35%
2019-09-11,2820000000,0.59%
2019-09-10,2803500000,-0.53%
2019-09-09,2818300000,-1.04%
2019-09-06,2848000000,-0.46%
2019-09-05,2861100000,0.52%
2019-09-04,2846300000,1.29%
2019-09-03,2810100000,-0.12%
2019-08-30,2813400000,-2.06%
2019-08-29,2872600000,1.51%
2019-08-28,2829900000,2.20%
2019-08-27,2769000000,-0.65%
2019-08-26,2787100000,-0.41%
2019-08-23,2798600000,-2.58%
2019-08-22,2872600000,0.63%
2019-08-21,2854500000,-1.76%
2019-08-20,2905500000,-0.79%
2019-08-19,2928600000,2.53%
2019-08-16,2856200000,1.11%
2019-08-15,2824900000,-0.98%
2019-08-14,2852900000,-1.48%
2019-08-13,2895700000,-1.01%
2019-08-12,2925300000,0.17%
2019-08-09,2920300000,-0.17%
2019-08-08,2925300000,3.61%
2019-08-07,2823300000,-0.92%
2019-08-06,2849600000,-1.09%
2019-08-05,2880900000,-2.01%
2019-08-02,2940100000,-0.78%
2019-08-01,2963100000,0.28%
2019-07-31,2954900000,-0.11%
2019-07-30,2958200000,0.56%
2019-07-29,2941700000,-0.83%
2019-07-26,2966400000,0.11%
2019-07-25,2963100000,0.34%
2019-07-24,2953200000,-0.94%
2019-07-23,2981200000,1.23%
2019-07-22,2945000000,-0.56%
2019-07-19,2961500000,-0.11%
2019-07-18,2964800000,0.06%
2019-07-17,2963100000,-0.22%
2019-07-16,2969700000,-0.99%
2019-07-15,2999300000,-0.66%
2019-07-12,3019100000,-1.08%
2019-07-11,3052000000,-0.75%
2019-07-10,3075000000,0.75%
2019-07-09,3052000000,1.09%
2019-07-08,3019100000,0.49%
2019-07-05,3004300000,0.83%
2019-07-03,2979600000,0.67%
2019-07-02,2959800000,-1.21%
2019-07-01,2996000000,0.72%
2019-06-28,2974600000,-0.44%
2019-06-27,2987800000,0.22%
2019-06-26,2981200000,4.02%
2019-06-25,2866000000,-1.25%
2019-06-24,2902200000,-0.62%
2019-06-21,2920300000,-0.84%
2019-06-20,2945000000,-0.45%
2019-06-19,2958200000,0.90%
2019-06-18,2931900000,-0.50%
2019-06-17,2946700000,0.22%
2019-06-14,2940100000,-0.94%
2019-06-13,2968100000,0.67%
2019-06-12,2948300000,0.11%
2019-06-11,2945000000,0.05%
2019-06-10,2943400000,-0.72%
2019-06-07,2964800000,-0.99%
2019-06-06,2994400000,-0.49%
2019-06-05,3009200000,0.27%
2019-06-04,3001000000,0.83%
2019-06-03,2976300000,-0.93%
2019-05-31,3004300000,-1.29%
2019-05-30,3043700000,2.66%
2019-05-29,2964800000,-0.66%
2019-05-28,2984500000,-1.36%
2019-05-24,3025600000,-0.22%
2019-05-23,3032200000,-1.92%
2019-05-22,3091500000,1.08%
2019-05-21,3058500000,0.21%
2019-05-20,3052000000,-2.57%
2019-05-17,3132600000,0.21%
2019-05-16,3126000000,2.82%
2019-05-15,3040400000,-2.64%
2019-05-14,3122700000,0.53%
2019-05-13,3106300000,-0.31%
2019-05-10,3116100000,0.64%
2019-05-09,3096400000,0.43%
2019-05-08,3083200000,-0.27%
2019-05-07,3091500000,-1.88%
2019-05-06,3150700000,-1.24%
2019-05-03,3190200000,0.16%
2019-05-02,3185200000,-0.77%
2019-05-01,3209900000,-1.01%
2019-04-30,3242800000,0.15%
2019-04-29,3237900000,-0.20%
2019-04-26,3244500000,1.18%
2019-04-25,3206600000,-1.32%
2019-04-24,3249400000,-0.05%
2019-04-23,3251000000,0.25%
2019-04-22,3242800000,-0.96%
2019-04-18,3274100000,0.35%
2019-04-17,3262600000,-1.10%
2019-04-16,3298800000,1.01%
2019-04-15,3265800000,-0.60%
2019-04-12,3285600000,1.58%
2019-04-11,3234600000,0.25%
2019-04-10,3226400000,0.16%
2019-04-09,3221400000,-1.11%
2019-04-08,3257600000,-0.10%
2019-04-05,3260900000,0.40%
2019-04-04,3247800000,0.77%
2019-04-03,3223100000,-0.40%
2019-04-02,3236200000,-0.61%
2019-04-01,3256000000,2.97%
2019-03-29,3162200000,-2.09%
2019-03-28,3229700000,0.16%
2019-03-27,3224700000,-0.56%
2019-03-26,3242800000,0.61%
2019-03-25,3223100000,0.21%
2019-03-22,3216500000,-0.25%
2019-03-21,3224700000,1.03%
2019-03-20,3191800000,-1.27%
2019-03-19,3232900000,-1.01%
2019-03-18,3265800000,-0.40%
2019-03-15,3279000000,0.66%
2019-03-14,3257600000,-0.05%
2019-03-13,3259300000,0.92%
2019-03-12,3229700000,-2.00%
2019-03-11,3295500000,-0.20%
2019-03-08,3302000000,-0.10%
2019-03-07,3305300000,1.98%
2019-03-06,3241200000,-1.25%
2019-03-05,3282300000,-0.65%
2019-03-04,3303700000,-1.03%
2019-03-01,3338200000,0.74%
2019-02-28,3313600000,-2.04%
2019-02-27,3382700000,-3.06%
2019-02-26,3489600000,1.00%
2019-02-25,3455100000,-0.94%
2019-02-22,3488000000,5.95%
2019-02-21,3292200000,-0.84%
2019-02-20,3320100000,-0.10%
2019-02-19,3323400000,3.59%
2019-02-15,3208300000,1.56%
2019-02-14,3158900000,-3.42%
2019-02-13,3270800000,0.20%
2019-02-12,3264200000,1.64%
2019-02-11,3211600000,1.83%
2019-02-08,3154000000,0.37%
2019-02-07,3142500000,-1.24%
2019-02-06,3181900000,-1.53%
2019-02-05,3231300000,2.88%
2019-02-04,3140800000,-0.83%
2019-02-01,3167100000,-0.26%
2019-01-31,3175400000,-0.51%
2019-01-30,3191800000,0.15%
2019-01-29,3186900000,0.78%
2019-01-28,3162200000,0.58%
2019-01-25,3144100000,0.32%
2019-01-24,3134200000,-1.04%
2019-01-23,3167100000,0.10%
2019-01-22,3163800000,-1.64%
2019-01-18,3216500000,0.41%
2019-01-17,3203300000,1.41%
2019-01-16,3158900000,-0.57%
2019-01-15,3177000000,-0.21%
2019-01-14,3183600000,2.06%
2019-01-11,3119400000,1.12%
2019-01-10,3084900000,-1.47%
2019-01-09,3130900000,-0.21%
2019-01-08,3137500000,-0.88%
2019-01-07,3165500000,1.80%
2019-01-04,3109500000,2.44%
2019-01-03,3035500000,-1.34%
2019-01-02,3076600000,-1.48%
2018-12-31,3122700000,1.28%
2018-12-28,3083200000,1.19%
2018-12-27,3047000000,0.76%
2018-12-26,3024000000,1.83%
2018-12-24,2969700000,-1.90%
2018-12-21,3027300000,-2.13%
2018-12-20,3093100000,-0.74%
2018-12-19,3116100000,3.50%
2018-12-18,3010800000,5.78%
2018-12-17,2846300000,-1.09%
2018-12-14,2877600000,-2.40%
2018-12-13,2948300000,-1.37%
2018-12-12,2989400000,0.16%
2018-12-11,2984500000,5.16%
2018-12-10,2838100000,-0.23%
2018-12-07,2844700000,-1.93%
2018-12-06,2900600000,0.28%
2018-12-04,2892400000,-2.22%
2018-12-03,2958200000,-2.28%
2018-11-30,3027300000,-2.13%
2018-11-29,3093100000,-3.09%
2018-11-28,3191800000,0.78%
2018-11-27,3167100000,-1.03%
2018-11-26,3200000000,4.29%
2018-11-23,3068400000,0.22%
2018-11-21,3061800000,2.31%
2018-11-20,2992700000,-8.69%
2018-11-19,3277400000,-4.50%
2018-11-16,3432000000,2.00%
2018-11-15,3364600000,-6.19%
2018-11-14,3586700000,3.22%
2018-11-13,3474800000,-1.45%
2018-11-12,3525800000,-1.79%
2018-11-09,3590000000,-1.22%
2018-11-08,3634400000,-0.68%
2018-11-07,3659100000,2.30%
2018-11-06,3576800000,2.31%
2018-11-05,3496200000,-0.05%
2018-11-02,3497800000,-0.33%
2018-11-01,3509300000,1.86%
2018-10-31,3445200000,-0.57%
2018-10-30,3464900000,1.30%
2018-10-29,3420500000,-1.79%
2018-10-26,3483000000,-0.38%
2018-10-25,3496200000,0.85%
2018-10-24,3466600000,-1.63%
2018-10-23,3524200000,1.04%
2018-10-22,3488000000,-0.37%
2018-10-19,3501100000,0.71%
2018-10-18,3476400000,-5.25%
2018-10-17,3668900000,-1.94%
2018-10-16,3741300000,1.56%
2018-10-15,3683700000,5.46%
2018-10-12,3492900000,2.81%
2018-10-11,3397500000,1.18%
2018-10-10,3358000000,-5.90%
2018-10-09,3568600000,2.60%
2018-10-08,3478100000,0.09%
2018-10-05,3474800000,-0.89%
2018-10-04,3506100000,-2.34%
2018-10-03,3590000000,-0.32%
2018-10-02,3601500000,-0.68%
2018-10-01,3626200000,-2.04%
2018-09-28,3701800000,-0.88%
2018-09-27,3734700000,0.66%
2018-09-26,3710100000,-3.63%
2018-09-25,3849900000,-1.90%
2018-09-24,3924300000,-0.83%
2018-09-21,3957100000,1.47%
2018-09-20,3899600000,0.63%
2018-09-19,3875000000,-0.63%
2018-09-18,3899600000,-3.06%
2018-09-17,4022800000,-2.00%
2018-09-14,4104899999,0.20%
2018-09-13,4096700000,-2.35%
2018-09-12,4195200000,2.61%
2018-09-11,4088400000,-0.80%
2018-09-10,4121300000,-1.18%
2018-09-07,4170500000,-1.17%
2018-09-06,4219800000,-1.15%
2018-09-05,4269100000,0.39%
2018-09-04,4252600000,-1.15%
2018-08-31,4301900000,4.17%
2018-08-30,4129500000,-0.98%
2018-08-29,4170500000,-0.39%
2018-08-28,4187000000,-1.16%
2018-08-27,4236200000,2.38%
2018-08-24,4137700000,2.44%
2018-08-23,4039200000,3.58%
2018-08-22,3899600000,2.81%
2018-08-21,3792900000,-3.14%
2018-08-20,3916000000,0.84%
2018-08-17,3883200000,4.42%
2018-08-16,3719000000,0.44%
2018-08-15,3702600000,-1.10%
2018-08-14,3743600000,2.47%
2018-08-13,3653300000,0.68%
2018-08-10,3628700000,0.91%
2018-08-09,3595900000,1.63%
2018-08-08,3538400000,0.70%
2018-08-07,3513800000,3.13%
2018-08-06,3407000000,0.97%
2018-08-03,3374200000,-0.48%
2018-08-02,3390600000,0.24%
2018-08-01,3382400000,-0.48%
2018-07-31,3398800000,0.48%
2018-07-30,3382400000,-0.48%
2018-07-27,3398800000,-1.43%
2018-07-26,3448100000,-0.94%
2018-07-25,3480900000,0.47%
2018-07-24,3464500000,0.48%
2018-07-23,3448100000,-1.18%
2018-07-20,3489100000,-0.47%
2018-07-19,3505600000,0.47%
2018-07-18,3489100000,-1.16%
2018-07-17,3530200000,0.47%
2018-07-16,3513800000,-0.46%
2018-07-13,3530200000,2.87%
2018-07-12,3431700000,-0.48%
2018-07-11,3448100000,-0.71%
2018-07-10,3472700000,-0.94%
2018-07-09,3505600000,2.15%
2018-07-06,3431700000,-0.48%
2018-07-05,3448100000,1.70%
2018-07-03,3390600000,0.24%
2018-07-02,3382400000,
2018-06-29,3382400000,-0.48%
2018-06-28,3398800000,0.48%
2018-06-27,3382400000,0.49%
2018-06-26,3366000000,
2018-06-25,3366000000,-2.15%
2018-06-22,3439900000,0.72%
2018-06-21,3415300000,-0.72%
2018-06-20,3439900000,-3.23%
2018-06-19,3554800000,2.12%
2018-06-18,3480900000,1.43%
2018-06-15,3431700000,2.20%
2018-06-14,3357800000,-6.41%
2018-06-13,3587700000,
2018-06-12,3587700000,1.87%
2018-06-11,3522000000,-0.23%
2018-06-08,3530200000,0.94%
2018-06-07,3497300000,-0.70%
2018-06-06,3522000000,0.47%
2018-06-05,3505600000,0.71%
2018-06-04,3480900000,0.47%
2018-06-01,3464500000,0.72%
2018-05-31,3439900000,0.24%
2018-05-30,3431700000,0.48%
2018-05-29,3415300000,-1.19%
2018-05-25,3456300000,1.20%
2018-05-24,3415300000,-0.48%
2018-05-23,3431700000,
2018-05-22,3431700000,-0.95%
2018-05-21,3464500000,1.93%
2018-05-18,3398800000,1.47%
2018-05-17,3349600000,-3.32%
2018-05-16,3464500000,2.93%
2018-05-15,3366000000,4.06%
2018-05-14,3234600000,0.25%
2018-05-11,3226400000,2.08%
2018-05-10,3160700000,1.05%
2018-05-09,3127900000,-0.26%
2018-05-08,3136100000,-0.52%
2018-05-07,3152500000,-1.79%
2018-05-04,3210000000,2.09%
2018-05-03,3144300000,-0.26%
2018-05-02,3152500000,2.13%
2018-05-01,3086900000,1.08%
2018-04-30,3054000000,-0.53%
2018-04-27,3070400000,-1.32%
2018-04-26,3111500000,-0.78%
2018-04-25,3136100000,-1.29%
2018-04-24,3177200000,1.84%
2018-04-23,3119700000,2.70%
2018-04-20,3037600000,-0.54%
2018-04-19,3054000000,-2.36%
2018-04-18,3127900000,-0.26%
2018-04-17,3136100000,0.26%
2018-04-16,3127900000,-1.04%
2018-04-13,3160700000,-0.52%
2018-04-12,3177200000,-2.02%
2018-04-11,3242800000,-0.51%
2018-04-10,3259300000,2.32%
2018-04-09,3185400000,0.52%
2018-04-06,3169000000,-1.28%
2018-04-05,3210000000,-1.01%
2018-04-04,3242800000,2.86%
2018-04-03,3152500000,-1.29%
2018-04-02,3193600000,1.30%
2018-03-29,3152500000,2.95%
2018-03-28,3062200000,-0.80%
2018-03-27,3086900000,-0.26%
2018-03-26,3095100000,-1.31%
2018-03-23,3136100000,-2.05%
2018-03-22,3201800000,0.26%
2018-03-21,3193600000,-1.52%
2018-03-20,3242800000,-0.51%
2018-03-19,3259300000,0.51%
2018-03-16,3242800000,-1.00%
2018-03-15,3275700000,-0.25%
2018-03-14,3283900000,1.78%
2018-03-13,3226400000,-0.25%
2018-03-12,3234600000,0.25%
2018-03-09,3226400000,
2018-03-08,3226400000,0.25%
2018-03-07,3218200000,0.51%
2018-03-06,3201800000,
2018-03-05,3201800000,1.04%
2018-03-02,3169000000,-1.02%
2018-03-01,3201800000,-1.01%
2018-02-28,3234600000,0.77%
2018-02-27,3210000000,-0.76%
2018-02-26,3234600000,
2018-02-23,3234600000,-0.25%
2018-02-22,3242800000,-0.76%
2018-02-21,3267500000,2.31%
2018-02-20,3193600000,1.57%
2018-02-16,3144300000,-1.29%
2018-02-15,3185400000,-1.27%
2018-02-14,3226400000,
2018-02-13,3226400000,-2.24%
2018-02-12,3300300000,5.51%
2018-02-09,3127900000,0.53%
2018-02-08,3111500000,-0.26%
2018-02-07,3119700000,1.06%
2018-02-06,3086900000,-1.31%
2018-02-05,3127900000,-5.22%
2018-02-02,3300300000,-3.37%
2018-02-01,3415300000,3.48%
2018-01-31,3300300000,-0.49%
2018-01-30,3316700000,-1.70%
2018-01-29,3374200000,
2018-01-26,3374200000,1.73%
2018-01-25,3316700000,-0.25%
2018-01-24,3324900000,-1.46%
2018-01-23,3374200000,-0.96%
2018-01-22,3407000000,-1.19%
2018-01-19,3448100000,4.48%
2018-01-18,3300300000,2.55%
2018-01-17,3218200000,0.26%
2018-01-16,3210000000,-1.76%
2018-01-12,3267500000,
2018-01-11,3267500000,0.50%
2018-01-10,3251100000,
2018-01-09,3251100000,
2018-01-08,3251100000,1.02%
2018-01-05,3218200000,-0.51%
2018-01-04,3234600000,-1.50%
2018-01-03,3283900000,0.25%
2018-01-02,3275700000,0.76%
2017-12-29,3251100000,-1.98%
2017-12-28,3316700000,
2017-12-27,3316700000,
2017-12-26,3316700000,-0.50%
2017-12-22,3333200000,-4.02%
2017-12-21,3472700000,1.19%
2017-12-20,3431700000,2.70%
2017-12-19,3341400000,0.74%
2017-12-18,3316700000,3.32%
2017-12-15,3210000000,-3.22%
2017-12-14,3316700000,1.00%
2017-12-13,3283900000,-0.74%
2017-12-12,3308500000,1.00%
2017-12-11,3275700000,-0.50%
2017-12-08,3292100000,-0.74%
2017-12-07,3316700000,0.25%
2017-12-06,3308500000,-0.25%
2017-12-05,3316700000,
2017-12-04,3316700000,-0.74%
2017-12-01,3341400000,-2.40%
2017-11-30,3423500000,2.46%
2017-11-29,3341400000,-4.91%
2017-11-28,3513800000,-0.92%
2017-11-27,3546600000,0.46%
2017-11-24,3530200000,1.66%
2017-11-22,3472700000,2.17%
2017-11-21,3398800000,4.81%
2017-11-20,3242800000,1.02%
2017-11-17,3210000000,2.89%
2017-11-16,3119700000,0.53%
2017-11-15,3103300000,-1.05%
2017-11-14,3136100000,0.53%
2017-11-13,3119700000,
2017-11-10,3119700000,1.61%
2017-11-09,3070400000,1.08%
2017-11-08,3037600000,
2017-11-07,3037600000,-0.27%
2017-11-06,3045800000,1.64%
2017-11-03,2996600000,-0.54%
2017-11-02,3013000000,1.66%
2017-11-01,2963700000,0.56%
2017-10-31,2947300000,-0.28%
2017-10-30,2955500000,-1.64%
2017-10-27,3004800000,
2017-10-26,3004800000,
2017-10-25,3004800000,
2017-10-24,3004800000,0.55%
2017-10-23,2988300000,-0.28%
2017-10-20,2996600000,0.28%
2017-10-19,2988300000,-0.28%
2017-10-18,2996600000,0.28%
2017-10-17,2988300000,
2017-10-16,2988300000,-0.28%
2017-10-13,2996600000,
2017-10-12,2996600000,-0.27%
2017-10-11,3004800000,0.27%
2017-10-10,2996600000,1.39%
2017-10-09,2955500000,-1.37%
2017-10-06,2996600000,0.83%
2017-10-05,2971900000,-0.55%
2017-10-04,2988300000,-0.28%
2017-10-03,2996600000,2.53%
2017-10-02,2922700000,-1.11%
2017-09-29,2955500000,1.70%
2017-09-28,2906200000,
2017-09-27,2906200000,0.28%
2017-09-26,2898000000,0.86%
2017-09-25,2873400000,1.15%
2017-09-22,2840600000,-0.86%
2017-09-21,2865200000,2.15%
2017-09-20,2804800000,1.48%
2017-09-19,2763800000,-0.30%
2017-09-18,2772000000,
2017-09-15,2772000000,0.90%
2017-09-14,2747400000,-0.89%
2017-09-13,2772000000,0.90%
2017-09-12,2747400000,0.30%
2017-09-11,2739200000,
2017-09-08,2739200000,
2017-09-07,2739200000,-0.89%
2017-09-06,2763800000,1.20%
2017-09-05,2731000000,-2.63%
2017-09-01,2804800000,3.64%
2017-08-31,2706400000,-0.30%
2017-08-30,2714600000,0.61%
2017-08-29,2698200000,-0.60%
2017-08-28,2714600000,
2017-08-25,2714600000,0.61%
2017-08-24,2698200000,
2017-08-23,2698200000,-0.30%
2017-08-22,2706400000,0.30%
2017-08-21,2698200000,0.61%
2017-08-18,2681800000,-1.21%
2017-08-17,2714600000,-1.19%
2017-08-16,2747400000,2.13%
2017-08-15,2690000000,-2.38%
2017-08-14,2755600000,0.30%
2017-08-11,2747400000,-2.90%
2017-08-10,2829400000,0.58%
2017-08-09,2813000000,-1.15%
2017-08-08,2845800000,-1.14%
2017-08-07,2878600000,2.63%
2017-08-04,2804800000,0.29%
2017-08-03,2796600000,-0.58%
2017-08-02,2813000000,
2017-08-01,2813000000,
2017-07-31,2813000000,
2017-07-28,2813000000,
2017-07-27,2813000000,-0.29%
2017-07-26,2821200000,0.88%
2017-07-25,2796600000,-0.87%
2017-07-24,2821200000,-0.58%
2017-07-21,2837600000,0.29%
2017-07-20,2829400000,0.29%
2017-07-19,2821200000,0.88%
2017-07-18,2796600000,1.79%
2017-07-17,2747400000,0.90%
2017-07-14,2722800000,2.79%
2017-07-13,2649000000,0.25%
2017-07-12,2642400000,-0.25%
2017-07-11,2649000000,
2017-07-10,2649000000,0.62%
2017-07-07,2632600000,0.31%
2017-07-06,2624400000,-0.31%
2017-07-05,2632600000,-0.50%
2017-07-03,2645700000,-0.74%
2017-06-30,2665400000,-0.31%
2017-06-29,2673600000,0.93%
2017-06-28,2649000000,0.31%
2017-06-27,2640800000,-1.53%
2017-06-26,2681800000,-0.30%
2017-06-23,2690000000,0.61%
2017-06-22,2673600000,
2017-06-21,2673600000,0.62%
2017-06-20,2657200000,-0.92%
2017-06-19,2681800000,-0.61%
2017-06-16,2698200000,
2017-06-15,2698200000,1.23%
2017-06-14,2665400000,-0.31%
2017-06-13,2673600000,0.31%
2017-06-12,2665400000,-2.40%
2017-06-09,2731000000,1.83%
2017-06-08,2681800000,-0.30%
2017-06-07,2690000000,-1.80%
2017-06-06,2739200000,-0.89%
2017-06-05,2763800000,-0.59%
2017-06-02,2780200000,-0.29%
2017-06-01,2788400000,3.34%
2017-05-31,2698200000,-2.66%
2017-05-30,2772000000,-2.31%
2017-05-26,2837600000,-2.81%
2017-05-25,2919600000,2.59%
2017-05-24,2845800000,2.66%
2017-05-23,2772000000,0.90%
2017-05-22,2747400000,1.21%
2017-05-19,2714600000,1.85%
2017-05-18,2665400000,-1.22%
2017-05-17,2698200000,1.23%
2017-05-16,2665400000,-0.61%
2017-05-15,2681800000,0.31%
2017-05-12,2673600000,-0.91%
2017-05-11,2698200000,
2017-05-10,2698200000,-2.08%
2017-05-09,2755600000,1.51%
2017-05-08,2714600000,1.22%
2017-05-05,2681800000,
2017-05-04,2681800000,0.31%
2017-05-03,2673600000,0.31%
2017-05-02,2665400000,-3.85%
2017-05-01,2772000000,2.42%
2017-04-28,2706400000,0.30%
2017-04-27,2698200000,0.30%
2017-04-26,2690000000,0.92%
2017-04-25,2665400000,1.25%
2017-04-24,2632600000,-2.13%
2017-04-21,2690000000,-0.61%
2017-04-20,2706400000,0.92%
2017-04-19,2681800000,-0.91%
2017-04-18,2706400000,-1.79%
2017-04-17,2755600000,-0.30%
2017-04-13,2763800000,0.30%
2017-04-12,2755600000,-0.88%
2017-04-11,2780200000,0.30%
2017-04-10,2772000000,0.60%
2017-04-07,2755600000,
2017-04-06,2755600000,-0.59%
2017-04-05,2772000000,-0.29%
2017-04-04,2780200000,
2017-04-03,2780200000,0.30%
2017-03-31,2772000000,0.60%
2017-03-30,2755600000,0.30%
2017-03-29,2747400000,-0.59%
2017-03-28,2763800000,3.69%
2017-03-27,2665400000,
2017-03-24,2665400000,-0.91%
2017-03-23,2690000000,0.31%
2017-03-22,2681800000,-1.21%
2017-03-21,2714600000,-1.19%
2017-03-20,2747400000,0.60%
2017-03-17,2731000000,0.91%
2017-03-16,2706400000,0.30%
2017-03-15,2698200000,-0.30%
2017-03-14,2706400000,-0.30%
2017-03-13,2714600000,
2017-03-10,2714600000,
2017-03-09,2714600000,-0.90%
2017-03-08,2739200000,1.52%
2017-03-07,2698200000,
2017-03-06,2698200000,-0.90%
2017-03-03,2722800000,-1.77%
2017-03-02,2772000000,-0.29%
2017-03-01,2780200000,0.59%
2017-02-28,2763800000,-1.75%
2017-02-27,2813000000,1.18%
2017-02-24,2780200000,
2017-02-23,2780200000,-0.59%
2017-02-22,2796600000,0.59%
2017-02-21,2780200000,
2017-02-17,2780200000,-2.31%
2017-02-16,2845800000,2.66%
2017-02-15,2772000000,8.33%
2017-02-14,2558800000,-1.27%
2017-02-13,2591600000,3.61%
2017-02-10,2501400000,0.66%
2017-02-09,2485000000,
2017-02-08,2485000000,0.33%
2017-02-07,2476800000,0.67%
2017-02-06,2460400000,
2017-02-03,2460400000,-0.66%
2017-02-02,2476800000,-3.20%
2017-02-01,2558800000,2.29%
2017-01-31,2501400000,-1.93%
2017-01-30,2550600000,-2.20%
2017-01-27,2608000000,
2017-01-26,2608000000,0.63%
2017-01-25,2591600000,-0.32%
2017-01-24,2599800000,0.32%
2017-01-23,2591600000,-0.32%
2017-01-20,2599800000,
2017-01-19,2599800000,0.32%
2017-01-18,2591600000,0.32%
2017-01-17,2583400000,-1.25%
2017-01-13,2616200000,1.27%
2017-01-12,2583400000,-0.63%
2017-01-11,2599800000,0.63%
2017-01-10,2583400000,-0.94%
2017-01-09,2608000000,0.63%
2017-01-06,2591600000,
2017-01-05,2591600000,2.27%
2017-01-04,2534200000,5.10%
2017-01-03,2411200000,3.16%
2016-12-30,2337400000,-0.70%
2016-12-29,2353800000,-2.05%
2016-12-28,2403000000,0.69%
2016-12-27,2386600000,0.34%
2016-12-23,2378400000,2.11%
2016-12-22,2329200000,-1.05%
2016-12-21,2353800000,-0.35%
2016-12-20,2362000000,
2016-12-19,2362000000,
2016-12-16,2362000000,0.70%
2016-12-15,2345600000,-2.72%
2016-12-14,2411200000,0.68%
2016-12-13,2394800000,-3.95%
2016-12-12,2493200000,0.33%
2016-12-09,2485000000,0.33%
2016-12-08,2476800000,2.58%
2016-12-07,2414500000,0.82%
2016-12-06,2394800000,-0.68%
2016-12-05,2411200000,0.34%
2016-12-02,2403000000,-1.35%
2016-12-01,2435800000,-0.67%
2016-11-30,2452200000,-0.66%
2016-11-29,2468600000,0.33%
2016-11-28,2460400000,-2.28%
2016-11-25,2517800000,0.99%
2016-11-23,2493200000,-0.65%
2016-11-22,2509600000,1.32%
2016-11-21,2476800000,-0.66%
2016-11-18,2493200000,1.33%
2016-11-17,2460400000,-0.33%
2016-11-16,2468600000,1.01%
2016-11-15,2444000000,-0.33%
2016-11-14,2452200000,
2016-11-11,2452200000,-1.64%
2016-11-10,2493200000,
2016-11-09,2493200000,0.66%
2016-11-08,2476800000,
2016-11-07,2476800000,1.00%
2016-11-04,2452200000,-1.97%
2016-11-03,2501400000,1.33%
2016-11-02,2468600000,-1.95%
2016-11-01,2517800000,0.33%
2016-10-31,2509600000,0.33%
2016-10-28,2501400000,-0.65%
2016-10-27,2517800000,-0.65%
2016-10-26,2534200000,-0.32%
2016-10-25,2542400000,-1.90%
2016-10-24,2591600000,-0.63%
2016-10-21,2608000000,
2016-10-20,2608000000,-0.62%
2016-10-19,2624400000,0.95%
2016-10-18,2599800000,
2016-10-17,2599800000,-0.06%
2016-10-14,2601400000,2.12%
2016-10-13,2547300000,-1.65%
2016-10-12,2590000000,-1.31%
2016-10-11,2624400000,-2.26%
2016-10-10,2685100000,-0.73%
2016-10-07,2704800000,-1.84%
2016-10-06,2755600000,-0.59%
2016-10-05,2772000000,-0.65%
2016-10-04,2790100000,-0.18%
2016-10-03,2795000000,0.95%
2016-09-30,2768700000,-0.65%
2016-09-29,2786800000,-1.85%
2016-09-28,2839300000,0.35%
2016-09-27,2829400000,2.74%
2016-09-26,2754000000,-2.50%
2016-09-23,2824500000,0.23%
2016-09-22,2818000000,1.18%
2016-09-21,2785100000,0.71%
2016-09-20,2765500000,-2.03%
2016-09-19,2822900000,-0.58%
2016-09-16,2839300000,0.64%
2016-09-15,2821200000,0.35%
2016-09-14,2811400000,-0.35%
2016-09-13,2821200000,
2016-09-12,2821200000,-0.25%
2016-09-09,2828400000,-0.35%
2016-09-08,2838300000,0.06%
2016-09-07,2836600000,0.70%
2016-09-06,2817000000,0.47%
2016-09-02,2803900000,0.41%
2016-09-01,2792400000,2.41%
2016-08-31,2726800000,0.30%
2016-08-30,2718700000,0.18%
2016-08-29,2713700000,-0.36%
2016-08-26,2723600000,-1.13%
2016-08-25,2754700000,0.12%
2016-08-24,2751400000,2.38%
2016-08-23,2687500000,0.49%
2016-08-22,2674400000,-0.18%
2016-08-19,2679300000,-1.39%
2016-08-18,2717000000,1.97%
2016-08-17,2664600000,-1.09%
2016-08-16,2694100000,-0.78%
2016-08-15,2715400000,-0.30%
2016-08-12,2723600000,0.12%
2016-08-11,2720300000,1.34%
2016-08-10,2684200000,0.43%
2016-08-09,2672800000,-0.37%
2016-08-08,2682600000,2.50%
2016-08-05,2617100000,1.59%
2016-08-04,2576100000,-0.82%
2016-08-03,2597400000,0.70%
2016-08-02,2579400000,-0.57%
2016-08-01,2594100000,1.15%
2016-07-29,2564600000,-0.45%
2016-07-28,2576100000,-0.44%
2016-07-27,2587600000,-2.11%
2016-07-26,2643300000,0.19%
2016-07-25,2638400000,
2016-07-22,2638400000,-0.31%
2016-07-21,2646600000,0.75%
2016-07-20,2626900000,-1.05%
2016-07-19,2654700000,0.06%
2016-07-18,2653100000,1.44%
2016-07-15,2615400000,-0.25%
2016-07-14,2622000000,-0.93%
2016-07-13,2646600000,0.50%
2016-07-12,2633400000,1.07%
2016-07-11,2605600000,1.60%
2016-07-08,2564600000,0.64%
2016-07-07,2548200000,0.39%
2016-07-06,2538400000,-1.71%
2016-07-05,2582600000,-1.13%
2016-07-01,2612100000,0.06%
2016-06-30,2610500000,-2.45%
2016-06-29,2676000000,4.21%
2016-06-28,2567900000,-0.76%
2016-06-27,2587600000,-3.60%
2016-06-24,2684200000,-3.54%
2016-06-23,2782600000,1.55%
2016-06-22,2740000000,-1.41%
2016-06-21,2779300000,1.74%
2016-06-20,2731800000,1.28%
2016-06-17,2697400000,-1.08%
2016-06-16,2726800000,-0.42%
2016-06-15,2738300000,0.30%
2016-06-14,2730100000,0.18%
2016-06-13,2725200000,-0.89%
2016-06-10,2749800000,-0.06%
2016-06-09,2751400000,-0.36%
2016-06-08,2761300000,-0.94%
2016-06-07,2787500000,0.47%
2016-06-06,2774400000,0.36%
2016-06-03,2764500000,-0.24%
2016-06-02,2771100000,0.65%
2016-06-01,2753100000,-1.58%
2016-05-31,2797300000,-0.29%
2016-05-27,2805500000,0.82%
2016-05-26,2782600000,-0.35%
2016-05-25,2792400000,0.53%
2016-05-24,2777600000,-0.53%
2016-05-23,2792400000,1.43%
2016-05-20,2753100000,2.38%
2016-05-19,2689200000,-0.72%
2016-05-18,2708800000,-1.67%
2016-05-17,2754700000,-1.06%
2016-05-16,2784200000,4.88%
2016-05-13,2654700000,-4.20%
2016-05-12,2771100000,1.14%
2016-05-11,2740000000,-1.88%
2016-05-10,2792400000,0.89%
2016-05-09,2767800000,-0.53%
2016-05-06,2782600000,0.47%
2016-05-05,2769500000,-1.63%
2016-05-04,2815300000,0.17%
2016-05-03,2810400000,
2016-05-02,2810400000,0.35%
2016-04-29,2800600000,-0.29%
2016-04-28,2808800000,-3.16%
2016-04-27,2900600000,-0.17%
2016-04-26,2905500000,8.84%
2016-04-25,2669500000,3.49%
2016-04-22,2579400000,7.37%
2016-04-21,2402400000,-0.74%
2016-04-20,2420400000,2.50%
2016-04-19,2361400000,1.48%
2016-04-18,2327000000,0.78%
2016-04-15,2309000000,-0.63%
2016-04-14,2323700000,1.14%
2016-04-13,2297500000,1.23%
2016-04-12,2269600000,0.14%
2016-04-11,2266400000,0.29%
2016-04-08,2259800000,-0.29%
2016-04-07,2266400000,-0.64%
2016-04-06,2281100000,0.07%
2016-04-05,2279500000,-0.21%
2016-04-04,2284400000,-1.13%
2016-04-01,2310600000,-2.35%
2016-03-31,2366300000,1.26%
2016-03-30,2336800000,3.03%
2016-03-29,2268000000,-0.22%
2016-03-28,2272900000,2.59%
2016-03-24,2215600000,-0.88%
2016-03-23,2235200000,2.33%
2016-03-22,2184400000,-2.42%
2016-03-21,2238500000,-1.44%
2016-03-18,2271300000,-0.43%
2016-03-17,2281100000,0.65%
2016-03-16,2266400000,0.95%
2016-03-15,2245100000,-2.97%
2016-03-14,2313900000,0.14%
2016-03-11,2310600000,-0.07%
2016-03-10,2312200000,-1.95%
2016-03-09,2358100000,0.49%
2016-03-08,2346700000,0.07%
2016-03-07,2345000000,-0.56%
2016-03-04,2358100000,0.14%
2016-03-03,2354900000,-0.21%
2016-03-02,2359800000,1.20%
2016-03-01,2331900000,0.07%
2016-02-29,2330300000,0.64%
2016-02-26,2315500000,-1.26%
2016-02-25,2345000000,-1.10%
2016-02-24,2371200000,-2.23%
2016-02-23,2425300000,-1.20%
2016-02-22,2454800000,1.01%
2016-02-19,2430200000,-1.14%
2016-02-18,2458100000,-0.07%
2016-02-17,2459700000,2.67%
2016-02-16,2395800000,
2016-02-12,2395800000,1.04%
2016-02-11,2371200000,6.16%
2016-02-10,2233600000,-1.16%
2016-02-09,2259800000,-2.20%
2016-02-08,2310600000,-2.89%
2016-02-05,2379400000,-3.39%
2016-02-04,2463000000,-0.13%
2016-02-03,2466300000,-0.99%
2016-02-02,2490900000,-3.49%
2016-02-01,2581000000,0.51%
2016-01-29,2567900000,1.29%
2016-01-28,2535100000,0.58%
2016-01-27,2520400000,-1.22%
2016-01-26,2551500000,-0.95%
2016-01-25,2576100000,-0.44%
2016-01-22,2587600000,2.80%
2016-01-21,2517100000,0.20%
2016-01-20,2512200000,2.95%
2016-01-19,2440100000,-1.78%
2016-01-15,2484300000,-1.69%
2016-01-14,2526900000,-1.54%
2016-01-13,2566300000,-2.18%
2016-01-12,2623600000,-0.56%
2016-01-11,2638400000,0.13%
2016-01-08,2635100000,-1.17%
2016-01-07,2666200000,-7.03%
2016-01-06,2867800000,0.23%
2016-01-05,2861200000,0.06%
2016-01-04,2859600000,-2.02%
2015-12-31,2918600000,-0.45%
2015-12-30,2931700000,-1.49%
2015-12-29,2975900000,-0.11%
2015-12-28,2979200000,-0.87%
2015-12-24,3005400000,1.66%
2015-12-23,2956300000,-0.99%
2015-12-22,2985800000,1.06%
2015-12-21,2954600000,0.33%
2015-12-18,2944800000,-0.83%
2015-12-17,2969400000,0.06%
2015-12-16,2967700000,0.44%
2015-12-15,2954600000,1.18%
2015-12-14,2920200000,-1.11%
2015-12-11,2953000000,-1.58%
2015-12-10,3000500000,-0.38%
2015-12-09,3012000000,-0.86%
2015-12-08,3038200000,-1.23%
2015-12-07,3075900000,-0.53%
2015-12-04,3092300000,2.83%
2015-12-03,3007100000,-0.81%
2015-12-02,3031700000,-0.53%
2015-12-01,3048000000,1.08%
2015-11-30,3015300000,-1.60%
2015-11-27,3064400000,1.74%
2015-11-25,3012000000,1.60%
2015-11-24,2964500000,-1.52%
2015-11-23,3010300000,-1.19%
2015-11-20,3046400000,0.48%
2015-11-19,3031700000,-0.21%
2015-11-18,3038200000,-0.91%
2015-11-17,3066100000,-0.21%
2015-11-16,3072600000,-0.64%
2015-11-13,3092300000,-0.63%
2015-11-12,3111900000,4.74%
2015-11-11,2971000000,1.23%
2015-11-10,2935000000,-0.28%
2015-11-09,2943200000,-1.16%
2015-11-06,2977600000,-0.27%
2015-11-05,2985800000,1.17%
2015-11-04,2951400000,-0.77%
2015-11-03,2974300000,0.50%
2015-11-02,2959500000,-0.77%
2015-10-30,2982500000,-0.27%
2015-10-29,2990700000,-0.11%
2015-10-28,2994000000,0.22%
2015-10-27,2987400000,0.33%
2015-10-26,2977600000,0.83%
2015-10-23,2953000000,
2015-10-22,2953000000,1.52%
2015-10-21,2908700000,0.06%
2015-10-20,2907100000,-0.39%
2015-10-19,2918600000,0.11%
2015-10-16,2915300000,0.57%
2015-10-15,2898900000,0.62%
2015-10-14,2880900000,-0.23%
2015-10-13,2887400000,-0.68%
2015-10-12,2907100000,0.97%
2015-10-09,2879200000,-0.28%
2015-10-08,2887400000,0.06%
2015-10-07,2885800000,-0.17%
2015-10-06,2890700000,0.11%
2015-10-05,2887400000,1.50%
2015-10-02,2844800000,0.35%
2015-10-01,2835000000,0.76%
2015-09-30,2813700000,-1.49%
2015-09-29,2856300000,-0.46%
2015-09-28,2869400000,-0.45%
2015-09-25,2882500000,-1.40%
2015-09-24,2923500000,-0.95%
2015-09-23,2951400000,1.01%
2015-09-22,2921900000,-1.71%
2015-09-21,2972700000,1.06%
2015-09-18,2941500000,-0.11%
2015-09-17,2944800000,-2.17%
2015-09-16,3010200000,1.71%
2015-09-15,2959500000,1.40%
2015-09-14,2918500000,0.85%
2015-09-11,2894000000,0.40%
2015-09-10,2882500000,-0.17%
2015-09-09,2887400000,-4.08%
2015-09-08,3010200000,4.13%
2015-09-04,2890700000,-2.54%
2015-09-03,2966000000,2.31%
2015-09-02,2898900000,1.84%
2015-09-01,2846500000,-2.19%
2015-08-31,2910300000,-1.77%
2015-08-28,2962700000,0.39%
2015-08-27,2951300000,2.33%
2015-08-26,2884100000,0.23%
2015-08-25,2877600000,-1.57%
2015-08-24,2923400000,-4.90%
2015-08-21,3074100000,6.29%
2015-08-20,2892300000,-3.13%
2015-08-19,2985700000,-0.27%
2015-08-18,2993900000,-0.87%
2015-08-17,3020100000,-0.91%
2015-08-14,3047900000,-1.01%
2015-08-13,3079000000,2.06%
2015-08-12,3016800000,-0.32%
2015-08-11,3026600000,-0.43%
2015-08-10,3039700000,1.03%
2015-08-07,3008600000,0.88%
2015-08-06,2982400000,-0.76%
2015-08-05,3005300000,-0.65%
2015-08-04,3025000000,0.16%
2015-08-03,3020100000,-0.21%
2015-07-31,3026600000,1.82%
2015-07-30,2972600000,1.91%
2015-07-29,2916900000,2.83%
2015-07-28,2836600000,-1.65%
2015-07-27,2884100000,-1.73%
2015-07-24,2934900000,1.82%
2015-07-23,2882500000,-1.79%
2015-07-22,2934900000,0.90%
2015-07-21,2908700000,-0.84%
2015-07-20,2933300000,-1.16%
2015-07-17,2967700000,-0.77%
2015-07-16,2990600000,2.53%
2015-07-15,2916900000,0.28%
2015-07-14,2908700000,-2.63%
2015-07-13,2987300000,3.87%
2015-07-10,2875900000,1.44%
2015-07-09,2835000000,0.88%
2015-07-08,2810400000,-2.83%
2015-07-07,2892300000,-0.34%
2015-07-06,2902100000,-1.67%
2015-07-02,2951300000,-0.72%
2015-07-01,2972600000,1.62%
2015-06-30,2925100000,-2.78%
2015-06-29,3008600000,-0.27%
2015-06-26,3016800000,0.11%
2015-06-25,3013500000,1.32%
2015-06-24,2974200000,0.17%
2015-06-23,2969300000,1.91%
2015-06-22,2913600000,-0.61%
2015-06-19,2931600000,1.41%
2015-06-18,2890700000,3.46%
2015-06-17,2794100000,4.86%
2015-06-16,2664700000,-0.37%
2015-06-15,2674500000,0.37%
2015-06-12,2664700000,-0.79%
2015-06-11,2686000000,-0.72%
2015-06-10,2705600000,-0.12%
2015-06-09,2708900000,
2015-06-08,2708900000,-1.78%
2015-06-05,2758000000,-0.53%
2015-06-04,2772800000,-0.06%
2015-06-03,2774400000,0.89%
2015-06-02,2749800000,-1.24%
2015-06-01,2784200000,-0.41%
2015-05-29,2795700000,0.65%
2015-05-28,2777700000,
2015-05-27,2777700000,1.92%
2015-05-26,2725300000,1.40%
2015-05-22,2687600000,-0.84%
2015-05-21,2710500000,0.12%
2015-05-20,2707200000,-0.18%
2015-05-19,2712200000,1.35%
2015-05-18,2676100000,-1.63%
2015-05-15,2720400000,3.75%
2015-05-14,2622100000,2.83%
2015-05-13,2550000000,0.39%
2015-05-12,2540200000,0.06%
2015-05-11,2538600000,2.18%
2015-05-08,2484500000,-0.20%
2015-05-07,2489400000,0.33%
2015-05-06,2481200000,-0.72%
2015-05-05,2499300000,-1.48%
2015-05-04,2536900000,-1.02%
2015-05-01,2563100000,0.84%
2015-04-30,2541800000,-0.51%
2015-04-29,2554900000,0.26%
2015-04-28,2548400000,-1.58%
2015-04-27,2589300000,0.12%
2015-04-24,2586100000,
2015-04-23,2586100000,0.26%
2015-04-22,2579500000,-0.38%
2015-04-21,2589300000,0.25%
2015-04-20,2582800000,
2015-04-17,2582800000,-1.31%
2015-04-16,2617200000,-0.25%
2015-04-15,2623700000,-0.25%
2015-04-14,2630300000,0.44%
2015-04-13,2618800000,2.11%
2015-04-10,2564800000,0.07%
2015-04-09,2563100000,-0.82%
2015-04-08,2584400000,-0.57%
2015-04-07,2599200000,-0.31%
2015-04-06,2607300000,0.31%
2015-04-02,2599200000,0.25%
2015-04-01,2592600000,-0.50%
2015-03-31,2605700000,-2.21%
2015-03-30,2664700000,-1.09%
2015-03-27,2694100000,4.31%
2015-03-26,2582800000,0.13%
2015-03-25,2579500000,-1.68%
2015-03-24,2623700000,1.65%
2015-03-23,2581100000,1.48%
2015-03-20,2543500000,0.26%
2015-03-19,2536900000,-0.19%
2015-03-18,2541800000,0.13%
2015-03-17,2538600000,-0.45%
2015-03-16,2550000000,0.97%
2015-03-13,2525500000,-0.45%
2015-03-12,2536900000,-0.32%
2015-03-11,2545100000,-0.26%
2015-03-10,2551700000,-0.83%
2015-03-09,2573000000,-0.12%
2015-03-06,2576200000,-0.26%
2015-03-05,2582800000,-0.69%
2015-03-04,2600800000,-0.81%
2015-03-03,2622100000,0.06%
2015-03-02,2620400000,0.06%
2015-02-27,2618800000,
2015-02-26,2618800000,-1.36%
2015-02-25,2654800000,-1.10%
2015-02-24,2684300000,0.68%
2015-02-23,2666300000,-0.85%
2015-02-20,2689200000,-0.43%
2015-02-19,2700700000,-2.48%
2015-02-18,2769500000,-0.23%
2015-02-17,2776000000,-1.46%
2015-02-13,2817000000,-1.21%
2015-02-12,2851400000,1.05%
2015-02-11,2821900000,1.18%
2015-02-10,2789100000,4.74%
2015-02-09,2663000000,-0.43%
2015-02-06,2674500000,-0.12%
2015-02-05,2677800000,0.18%
2015-02-04,2672900000,0.56%
2015-02-03,2658100000,0.81%
2015-02-02,2636800000,0.75%
2015-01-30,2617200000,-0.25%
2015-01-29,2623700000,0.13%
2015-01-28,2620400000,0.50%
2015-01-27,2607300000,0.19%
2015-01-26,2602400000,-0.19%
2015-01-23,2607300000,-1.06%
2015-01-22,2635200000,1.45%
2015-01-21,2597500000,-1.18%
2015-01-20,2628600000,-0.74%
2015-01-16,2648300000,0.68%
2015-01-15,2630300000,-0.86%
2015-01-14,2653200000,
2015-01-13,2653200000,1.50%
2015-01-12,2613900000,4.59%
2015-01-09,2499300000,-2.80%
2015-01-08,2571300000,1.22%
2015-01-07,2540200000,0.13%
2015-01-06,2536900000,-1.65%
2015-01-05,2579500000,-0.38%
2015-01-02,2589300000,-0.57%
2014-12-31,2604100000,-0.37%
2014-12-30,2613900000,1.01%
2014-12-29,2587700000,-0.88%
2014-12-26,2610600000,1.85%
2014-12-24,2563100000,-0.70%
2014-12-23,2581100000,-0.19%
2014-12-22,2586100000,0.96%
2014-12-19,2561500000,0.13%
2014-12-18,2558200000,-0.38%
2014-12-17,2568000000,1.16%
2014-12-16,2538600000,-0.06%
2014-12-15,2540200000,1.77%
2014-12-12,2496000000,0.07%
2014-12-11,2494300000,0.20%
2014-12-10,2489400000,2.84%
2014-12-09,2420600000,-10.04%
2014-12-08,2690900000,0.31%
2014-12-05,2682700000,2.18%
2014-12-04,2625400000,-0.06%
2014-12-03,2627000000,-1.05%
2014-12-02,2654800000,1.06%
2014-12-01,2627000000,-2.43%
2014-11-28,2692500000,-0.84%
2014-11-26,2715400000,0.97%
2014-11-25,2689200000,0.80%
2014-11-24,2667900000,0.68%
2014-11-21,2649900000,2.08%
2014-11-20,2595900000,-0.38%
2014-11-19,2605700000,-1.43%
2014-11-18,2643400000,-0.92%
2014-11-17,2667900000,-0.12%
2014-11-14,2671200000,0.37%
2014-11-13,2661400000,0.68%
2014-11-12,2643400000,1.77%
2014-11-11,2597500000,0.51%
2014-11-10,2584400000,-0.50%
2014-11-07,2597500000,0.19%
2014-11-06,2592600000,0.64%
2014-11-05,2576200000,-0.51%
2014-11-04,2589300000,-1.62%
2014-11-03,2631900000,0.56%
2014-10-31,2617200000,0.13%
2014-10-30,2613900000,-0.44%
2014-10-29,2625400000,-0.19%
2014-10-28,2630300000,0.50%
2014-10-27,2617200000,-0.56%
2014-10-24,2631900000,-0.74%
2014-10-23,2651600000,-0.18%
2014-10-22,2656500000,-1.46%
2014-10-21,2695800000,0.25%
2014-10-20,2689200000,2.12%
2014-10-17,2633500000,0.12%
2014-10-16,2630300000,-0.37%
2014-10-15,2640100000,-1.11%
2014-10-14,2669600000,0.25%
2014-10-13,2663000000,-0.43%
2014-10-10,2674500000,-0.55%
2014-10-09,2689200000,-0.43%
2014-10-08,2700700000,2.30%
2014-10-07,2640100000,-1.16%
2014-10-06,2671200000,-1.57%
2014-10-03,2713800000,1.53%
2014-10-02,2672900000,-0.42%
2014-10-01,2684300000,-0.55%
2014-09-30,2699100000,0.49%
2014-09-29,2686000000,
2014-09-26,2686000000,0.86%
2014-09-25,2663000000,-1.40%
2014-09-24,2700700000,0.61%
2014-09-23,2684300000,-0.06%
2014-09-22,2686000000,-0.36%
2014-09-19,2695800000,0.98%
2014-09-18,2669600000,0.31%
2014-09-17,2661400000,1.06%
2014-09-16,2633500000,0.31%
2014-09-15,2625400000,-1.29%
2014-09-12,2659800000,3.05%
2014-09-11,2581100000,3.75%
2014-09-10,2487800000,-2.40%
2014-09-09,2549100000,-0.26%
2014-09-08,2555700000,-4.47%
2014-09-05,2675300000,-2.51%
2014-09-04,2744100000,-1.47%
2014-09-03,2785000000,-0.06%
2014-09-02,2786700000,-0.29%
2014-08-29,2794900000,-2.06%
2014-08-28,2853800000,-0.29%
2014-08-27,2862000000,-1.08%
2014-08-26,2893200000,-1.12%
2014-08-25,2925900000,1.77%
2014-08-22,2875100000,-0.17%
2014-08-21,2880100000,-0.28%
2014-08-20,2888200000,-0.40%
2014-08-19,2899700000,-0.34%
2014-08-18,2909500000,2.36%
2014-08-15,2842400000,0.58%
2014-08-14,2826000000,
2014-08-13,2826000000,
2014-08-12,2826000000,-0.23%
2014-08-11,2832500000,0.35%
2014-08-08,2822700000,1.35%
2014-08-07,2785000000,
2014-08-06,2785000000,-2.58%
2014-08-05,2858800000,1.57%
2014-08-04,2814500000,-7.14%
2014-08-01,3030800000,-0.80%
2014-07-31,3055300000,-3.42%
2014-07-30,3163500000,-0.57%
2014-07-29,3181500000,2.16%
2014-07-28,3114300000,-1.76%
2014-07-25,3170000000,-1.18%
2014-07-24,3207700000,-0.25%
2014-07-23,3215900000,0.62%
2014-07-22,3196200000,-0.31%
2014-07-21,3206100000,1.30%
2014-07-18,3165100000,0.36%
2014-07-17,3153600000,1.47%
2014-07-16,3107800000,2.16%
2014-07-15,3042200000,-0.38%
2014-07-14,3053700000,4.84%
2014-07-11,2912800000,-0.67%
2014-07-10,2932500000,3.11%
2014-07-09,2844000000,-1.42%
2014-07-08,2885000000,-1.29%
2014-07-07,2922600000,0.62%
2014-07-03,2904600000,0.22%
2014-07-02,2898100000,-0.11%
2014-07-01,2901400000,1.49%
2014-06-30,2858800000,-2.18%
2014-06-27,2922600000,1.30%
2014-06-26,2885000000,0.52%
2014-06-25,2870200000,0.40%
2014-06-24,2858800000,0.40%
2014-06-23,2847300000,-0.68%
2014-06-20,2866900000,-1.58%
2014-06-19,2912800000,0.34%
2014-06-18,2903000000,1.61%
2014-06-17,2857100000,0.12%
2014-06-16,2853800000,0.69%
2014-06-13,2834200000,-0.97%
2014-06-12,2862000000,0.92%
2014-06-11,2835800000,-0.29%
2014-06-10,2844000000,-0.80%
2014-06-09,2866900000,4.16%
2014-06-06,2752300000,-1.29%
2014-06-05,2788300000,1.07%
2014-06-04,2758800000,0.96%
2014-06-03,2732600000,0.18%
2014-06-02,2727700000,0.66%
2014-05-30,2709700000,1.66%
2014-05-29,2665400000,0.49%
2014-05-28,2652300000,-0.68%
2014-05-27,2670400000,-1.33%
2014-05-23,2706400000,-0.78%
2014-05-22,2727700000,-0.30%
2014-05-21,2735900000,1.27%
2014-05-20,2701500000,-1.08%
2014-05-19,2731000000,-1.07%
2014-05-16,2760500000,1.63%
2014-05-15,2716200000,-0.18%
2014-05-14,2721100000,-1.01%
2014-05-13,2749000000,0.42%
2014-05-12,2737500000,-0.36%
2014-05-09,2747400000,-2.27%
2014-05-08,2811200000,0.06%
2014-05-07,2809600000,-1.55%
2014-05-06,2853800000,2.65%
2014-05-05,2780100000,2.10%
2014-05-02,2722800000,0.67%
2014-05-01,2704800000,-0.72%
2014-04-30,2724400000,-1.07%
2014-04-29,2753900000,-0.71%
2014-04-28,2773600000,-3.91%
2014-04-25,2886600000,0.06%
2014-04-24,2885000000,-1.34%
2014-04-23,2924300000,-4.95%
2014-04-22,3076600000,5.98%
2014-04-21,2903000000,-0.95%
2014-04-17,2930800000,-0.34%
2014-04-16,2940700000,10.39%
2014-04-15,2663800000,-4.52%
2014-04-14,2789900000,6.37%
2014-04-11,2622800000,-3.73%
2014-04-10,2724400000,-1.42%
2014-04-09,2763700000,0.41%
2014-04-08,2752300000,5.93%
2014-04-07,2598300000,-1.43%
2014-04-04,2636000000,-0.86%
2014-04-03,2658900000,-2.23%
2014-04-02,2719500000,-2.01%
2014-04-01,2775200000,-1.74%
2014-03-31,2824400000,0.29%
2014-03-28,2816200000,1.06%
2014-03-27,2786700000,5.13%
2014-03-26,2650700000,0.25%
2014-03-25,2644100000,2.02%
2014-03-24,2591700000,0.32%
2014-03-21,2583500000,0.96%
2014-03-20,2559000000,-0.83%
2014-03-19,2580300000,-0.88%
2014-03-18,2603200000,-1.36%
2014-03-17,2639200000,0.31%
2014-03-14,2631000000,-0.37%
2014-03-13,2640900000,-1.83%
2014-03-12,2690000000,4.32%
2014-03-11,2578600000,-0.63%
2014-03-10,2595000000,6.24%
2014-03-07,2442600000,-1.39%
2014-03-06,2477000000,-0.46%
2014-03-05,2488500000,1.00%
2014-03-04,2463900000,0.40%
2014-03-03,2454100000,-2.85%
2014-02-28,2526200000,2.80%
2014-02-27,2457400000,0.33%
2014-02-26,2449200000,2.05%
2014-02-25,2400000000,0.62%
2014-02-24,2385300000,0.41%
2014-02-21,2375500000,-0.69%
2014-02-20,2391900000,0.90%
2014-02-19,2370600000,-1.23%
2014-02-18,2400000000,-1.28%
2014-02-14,2431200000,1.86%
2014-02-13,2386900000,-0.28%
2014-02-12,2393500000,-4.07%
2014-02-11,2495100000,2.70%
2014-02-10,2429500000,-1.40%
2014-02-07,2463900000,0.13%
2014-02-06,2460700000,1.63%
2014-02-05,2421300000,-1.07%
2014-02-04,2447600000,-0.26%
2014-02-03,2454100000,-4.52%
2014-01-31,2570400000,5.94%
2014-01-30,2426300000,0.34%
2014-01-29,2418100000,-1.27%
2014-01-28,2449200000,1.15%
2014-01-27,2421300000,-1.60%
2014-01-24,2460700000,0.40%
2014-01-23,2450800000,-0.13%
2014-01-22,2454100000,-0.73%
2014-01-21,2472100000,-0.72%
2014-01-17,2490100000,0.06%
2014-01-16,2488500000,2.50%
2014-01-15,2427900000,-1.53%
2014-01-14,2465600000,-0.72%
2014-01-13,2483600000,
2014-01-10,2483600000,-0.46%
2014-01-09,2495100000,0.53%
2014-01-08,2482000000,-1.56%
2014-01-07,2521300000,-0.19%
2014-01-06,2526200000,0.46%
2014-01-03,2514700000,0.06%
2014-01-02,2513100000,-1.22%
2013-12-31,2544200000,0.32%
2013-12-30,2536000000,1.57%
2013-12-27,2496700000,-1.11%
2013-12-26,2524600000,-0.06%
2013-12-24,2526200000,0.59%
2013-12-23,2511400000,0.65%
2013-12-20,2495100000,-0.20%
2013-12-19,2500000000,0.46%
2013-12-18,2488500000,0.26%
2013-12-17,2482000000,-2.00%
2013-12-16,2532700000,-3.62%
2013-12-13,2627800000,-4.52%
2013-12-12,2752300000,-1.06%
2013-12-11,2781800000,0.06%
2013-12-10,2780100000,-1.57%
2013-12-09,2824400000,-1.71%
2013-12-06,2873500000,1.74%
2013-12-05,2824400000,1.17%
2013-12-04,2791600000,-0.23%
2013-12-03,2798100000,0.29%
2013-12-02,2789900000,-0.29%
2013-11-29,2798100000,0.65%
2013-11-27,2780100000,1.49%
2013-11-26,2739200000,-1.30%
2013-11-25,2775200000,0.06%
2013-11-22,2773600000,-0.29%
2013-11-21,2781800000,0.53%
2013-11-20,2767000000,-0.35%
2013-11-19,2776800000,0.47%
2013-11-18,2763700000,3.62%
2013-11-15,2667100000,1.18%
2013-11-14,2636000000,2.16%
2013-11-13,2580300000,-0.31%
2013-11-12,2588400000,-1.68%
2013-11-11,2632700000,2.88%
2013-11-08,2559000000,0.84%
2013-11-07,2537700000,-2.33%
2013-11-06,2598300000,1.73%
2013-11-05,2554000000,-3.89%
2013-11-04,2657300000,0.87%
2013-11-01,2634300000,-1.35%
2013-10-31,2670400000,
2013-10-30,2670400000,-0.43%
2013-10-29,2681800000,0.99%
2013-10-28,2655600000,0.81%
2013-10-25,2634300000,-0.31%
2013-10-24,2642500000,-2.18%
2013-10-23,2701500000,-2.02%
2013-10-22,2757200000,-0.12%
2013-10-21,2760500000,-0.12%
2013-10-18,2763700000,0.24%
2013-10-17,2757200000,-2.04%
2013-10-16,2814500000,-0.46%
2013-10-15,2827600000,0.94%
2013-10-14,2801400000,0.35%
2013-10-11,2791600000,1.01%
2013-10-10,2763700000,-0.71%
2013-10-09,2783400000,0.53%
2013-10-08,2768700000,-0.29%
2013-10-07,2776800000,0.29%
2013-10-04,2768700000,-0.82%
2013-10-03,2791600000,-2.41%
2013-10-02,2860400000,2.29%
2013-10-01,2796500000,-1.73%
2013-09-30,2845700000,-1.36%
2013-09-27,2885000000,1.27%
2013-09-26,2848900000,-0.35%
2013-09-25,2858800000,0.23%
2013-09-24,2852200000,0.64%
2013-09-23,2834200000,-1.42%
2013-09-20,2875100000,-0.28%
2013-09-19,2883300000,0.74%
2013-09-18,2862000000,2.19%
2013-09-17,2800700000,0.59%
2013-09-16,2784300000,-0.99%
2013-09-13,2812100000,0.23%
2013-09-12,2805600000,0.82%
2013-09-11,2782700000,0.71%
2013-09-10,2763000000,-1.06%
2013-09-09,2792500000,0.41%
2013-09-06,2781000000,-0.06%
2013-09-05,2782700000,0.77%
2013-09-04,2761400000,0.18%
2013-09-03,2756500000,-0.12%
2013-08-30,2759700000,-0.36%
2013-08-29,2769600000,1.02%
2013-08-28,2741700000,-1.47%
2013-08-27,2782700000,-1.67%
2013-08-26,2830100000,-0.06%
2013-08-23,2831800000,-0.34%
2013-08-22,2841600000,0.64%
2013-08-21,2823600000,-0.80%
2013-08-20,2846500000,-0.51%
2013-08-19,2861200000,0.40%
2013-08-16,2849800000,0.12%
2013-08-15,2846500000,-0.12%
2013-08-14,2849800000,-0.91%
2013-08-13,2876000000,2.45%
2013-08-12,2807200000,0.94%
2013-08-09,2781000000,-2.91%
2013-08-08,2864500000,2.94%
2013-08-07,2782700000,2.17%
2013-08-06,2723700000,0.85%
2013-08-05,2700800000,-0.12%
2013-08-02,2704100000,-0.48%
2013-08-01,2717200000,0.12%
2013-07-31,2713900000,-1.66%
2013-07-30,2759700000,0.29%
2013-07-29,2751600000,0.30%
2013-07-26,2743400000,-0.36%
2013-07-25,2753200000,
2013-07-24,2753200000,-0.24%
2013-07-23,2759700000,-2.26%
2013-07-22,2823600000,-2.27%
2013-07-19,2889100000,1.44%
2013-07-18,2848100000,-0.57%
2013-07-17,2864500000,2.04%
2013-07-16,2807200000,-3.92%
2013-07-15,2921800000,2.76%
2013-07-12,2843200000,0.93%
2013-07-11,2817000000,2.01%
2013-07-10,2761400000,-1.75%
2013-07-09,2810500000,1.84%
2013-07-08,2759700000,-0.53%
2013-07-05,2774500000,1.68%
2013-07-03,2728600000,0.85%
2013-07-02,2705700000,2.48%
2013-07-01,2640300000,1.32%
2013-06-28,2605900000,-0.93%
2013-06-27,2630400000,-1.53%
2013-06-26,2671400000,0.80%
2013-06-25,2650100000,1.51%
2013-06-24,2610800000,0.44%
2013-06-21,2599300000,-0.44%
2013-06-20,2610800000,-1.60%
2013-06-19,2653300000,
2013-06-18,2653300000,0.49%
2013-06-17,2640300000,1.07%
2013-06-14,2612400000,1.27%
2013-06-13,2579700000,3.96%
2013-06-12,2481500000,-9.17%
2013-06-11,2731900000,-1.94%
2013-06-10,2785900000,0.71%
2013-06-07,2766300000,0.53%
2013-06-06,2751600000,0.36%
2013-06-05,2741700000,-1.18%
2013-06-04,2774500000,1.62%
2013-06-03,2730300000,-0.54%
2013-05-31,2745000000,-1.87%
2013-05-30,2797400000,-1.33%
2013-05-29,2835000000,0.64%
2013-05-28,2817000000,-3.70%
2013-05-24,2925100000,0.73%
2013-05-23,2903800000,0.45%
2013-05-22,2890700000,-1.28%
2013-05-21,2928300000,0.22%
2013-05-20,2921800000,0.51%
2013-05-17,2907100000,-1.71%
2013-05-16,2957800000,-0.93%
2013-05-15,2985600000,0.28%
2013-05-14,2977400000,0.16%
2013-05-13,2972500000,0.78%
2013-05-10,2949600000,
2013-05-09,2949600000,-2.28%
2013-05-08,3018400000,-1.76%
2013-05-07,3072400000,1.35%
2013-05-06,3031500000,0.27%
2013-05-03,3023300000,-2.99%
2013-05-02,3116600000,3.42%
2013-05-01,3013500000,2.39%
2013-04-30,2943100000,1.76%
2013-04-29,2892300000,-1.23%
2013-04-26,2928300000,3.77%
2013-04-25,2821900000,0.47%
2013-04-24,2808800000,-0.58%
2013-04-23,2825200000,-2.54%
2013-04-22,2898900000,-0.22%
2013-04-19,2905400000,3.08%
2013-04-18,2818700000,-0.81%
2013-04-17,2841600000,-0.23%
2013-04-16,2848100000,2.41%
2013-04-15,2781000000,-1.17%
2013-04-12,2813800000,0.12%
2013-04-11,2810500000,1.12%
2013-04-10,2779400000,-0.12%
2013-04-09,2782700000,-1.28%
2013-04-08,2818700000,3.18%
2013-04-05,2731900000,0.30%
2013-04-04,2723700000,1.03%
2013-04-03,2695900000,0.49%
2013-04-02,2682800000,-2.44%
2013-04-01,2749900000,0.30%
2013-03-28,2741700000,-1.47%
2013-03-27,2782700000,1.31%
2013-03-26,2746600000,-0.24%
2013-03-25,2753200000,1.32%
2013-03-22,2717200000,-0.06%
2013-03-21,2718800000,-0.48%
2013-03-20,2731900000,0.42%
2013-03-19,2720500000,-2.80%
2013-03-18,2799000000,3.20%
2013-03-15,2712300000,-0.72%
2013-03-14,2731900000,0.18%
2013-03-13,2727000000,-0.24%
2013-03-12,2733600000,-0.77%
2013-03-11,2754800000,-1.18%
2013-03-08,2787600000,0.12%
2013-03-07,2784300000,-1.28%
2013-03-06,2820300000,-0.86%
2013-03-05,2844900000,2.54%
2013-03-04,2774500000,-2.42%
2013-03-01,2843200000,-0.91%
2013-02-28,2869400000,0.17%
2013-02-27,2864500000,0.98%
2013-02-26,2836700000,-3.35%
2013-02-25,2934900000,-2.34%
2013-02-22,3005300000,-0.05%
2013-02-21,3006900000,-1.34%
2013-02-20,3047800000,-1.06%
2013-02-19,3080600000,1.68%
2013-02-15,3029800000,-0.16%
2013-02-14,3034700000,-0.91%
2013-02-13,3062600000,-0.05%
2013-02-12,3064200000,
2013-02-11,3064200000,0.32%
2013-02-08,3054400000,1.69%
2013-02-07,3003600000,4.86%
2013-02-06,2864500000,2.82%
2013-02-05,2785900000,2.22%
2013-02-04,2725400000,-0.89%
2013-02-01,2749900000,
2013-01-31,2749900000,0.12%
2013-01-30,2746600000,2.69%
2013-01-29,2674600000,-0.85%
2013-01-28,2697500000,-2.43%
2013-01-25,2764700000,-3.43%
2013-01-24,2862900000,3.19%
2013-01-23,2774500000,1.68%
2013-01-22,2728600000,7.55%
2013-01-18,2537100000,0.65%
2013-01-17,2520800000,1.65%
2013-01-16,2479800000,-0.92%
2013-01-15,2502800000,5.23%
2013-01-14,2378400000,0.69%
2013-01-11,2362000000,1.55%
2013-01-10,2326000000,-0.97%
2013-01-09,2348900000,1.49%
2013-01-08,2314500000,0.78%
2013-01-07,2296500000,-3.17%
2013-01-04,2371800000,1.75%
2013-01-03,2330900000,-0.83%
2013-01-02,2350500000,2.20%
2012-12-31,2299800000,1.08%
2012-12-28,2275200000,-0.36%
2012-12-27,2283400000,-0.43%
2012-12-26,2293200000,1.01%
2012-12-24,2270300000,-0.65%
2012-12-21,2285100000,-0.21%
2012-12-20,2290000000,0.36%
2012-12-19,2281800000,2.42%
2012-12-18,2227800000,0.15%
2012-12-17,2224500000,
2012-12-14,2224500000,-0.95%
2012-12-13,2245800000,-0.22%
2012-12-12,2250700000,-1.01%
2012-12-11,2273600000,1.91%
2012-12-10,2231000000,-0.51%
2012-12-07,2242500000,2.78%
2012-12-06,2181900000,-0.15%
2012-12-05,2185200000,0.07%
2012-12-04,2183600000,0.08%
2012-12-03,2181900000,
2012-11-30,2181900000,1.99%
2012-11-29,2139400000,-1.73%
2012-11-28,2177000000,0.30%
2012-11-27,2170500000,-0.30%
2012-11-26,2177000000,1.29%
2012-11-23,2149200000,-0.15%
2012-11-21,2152500000,-0.68%
2012-11-20,2167200000,1.69%
2012-11-19,2131199999,0.62%
2012-11-16,2118100000,1.89%
2012-11-15,2078800000,-2.08%
2012-11-14,2123000000,-0.08%
2012-11-13,2124600000,1.40%
2012-11-12,2095199999,0.08%
2012-11-09,2093500000,-0.16%
2012-11-08,2096800000,2.15%
2012-11-07,2052600000,-1.65%
2012-11-06,2087000000,2.99%
2012-11-05,2026400000,-0.08%
2012-11-02,2028100000,-3.58%
2012-11-01,2103400000,2.07%
2012-10-31,2060800000,1.20%
2012-10-26,2036300000,0.08%
2012-10-25,2034600000,1.06%
2012-10-24,2013300000,0.41%
2012-10-23,2005100000,-1.05%
2012-10-22,2026400000,1.06%
2012-10-19,2005100000,-0.25%
2012-10-18,2010100000,0.16%
2012-10-17,2006800000,-1.92%
2012-10-16,2046100000,-1.03%
2012-10-15,2067400000,-1.94%
2012-10-12,2108300000,0.16%
2012-10-11,2105000000,-2.94%
2012-10-10,2168800000,-0.82%
2012-10-09,2186800000,2.77%
2012-10-08,2127900000,0.16%
2012-10-05,2124600000,-0.16%
2012-10-04,2127900000,-0.38%
2012-10-03,2136100000,3.90%
2012-10-02,2055900000,0.08%
2012-10-01,2054300000,-1.41%
2012-09-28,2083699999,-4.00%
2012-09-27,2170500000,0.08%
2012-09-26,2168800000,-0.97%
2012-09-25,2190100000,0.07%
2012-09-24,2188500000,5.11%
2012-09-21,2082100000,2.50%
2012-09-20,2031300000,-0.49%
2012-09-19,2041200000,-0.87%
2012-09-18,2059199999,-2.93%
2012-09-17,2121400000,4.10%
2012-09-14,2037900000,0.48%
2012-09-13,2028100000,1.73%
2012-09-12,1993700000,-1.06%
2012-09-11,2015000000,-1.44%
2012-09-10,2044400000,-0.87%
2012-09-07,2062400000,-2.18%
2012-09-06,2108300000,-0.15%
2012-09-05,2111500000,-2.20%
2012-09-04,2159000000,-0.83%
2012-08-31,2177000000,-0.82%
2012-08-30,2195000000,-1.18%
2012-08-29,2221200000,0.29%
2012-08-28,2214700000,-2.17%
2012-08-27,2263800000,4.30%
2012-08-24,2170500000,0.08%
2012-08-23,2168800000,0.91%
2012-08-22,2149200000,-0.45%
2012-08-21,2159000000,1.00%
2012-08-20,2137699999,-2.69%
2012-08-17,2196700000,-2.54%
2012-08-16,2254000000,-1.99%
2012-08-15,2299800000,-1.05%
2012-08-14,2324300000,0.35%
2012-08-13,2316200000,1.07%
2012-08-10,2291600000,